;data_pregao;codbdi;sigla_acao;preco_fechamento
0;2016-01-04;2;AAPL34;42.08
1;2016-01-04;2;ABCB4;8.13
2;2016-01-04;12;ABCP11;9.43
3;2016-01-04;2;ABEV3;17.21
4;2016-01-04;2;ABTT34;43.2
5;2016-01-04;12;AEFI11;101.0
6;2016-01-04;12;AGCX11;985.0
7;2016-01-04;2;AGRO3;10.95
8;2016-01-04;12;ALMI11B;1560.0
9;2016-01-04;2;ALPA3;9.5
10;2016-01-04;2;ALPA4;7.07
11;2016-01-04;2;ALSC3;10.78
12;2016-01-04;2;ALUP11;12.15
13;2016-01-04;2;AMAR3;4.74
14;2016-01-04;2;AMGN34;636.38
15;2016-01-04;2;AMZO34;1286.74
16;2016-01-04;2;ANIM3;12.95
17;2016-01-04;2;ARTR3;9.65
18;2016-01-04;2;ARZZ3;19.75
19;2016-01-04;2;AVON34;8.13
20;2016-01-04;2;AXPB34;271.77
21;2016-01-04;2;AZEV4;1.35
22;2016-01-04;2;BAUH4;8.0
23;2016-01-04;2;BBAS3;14.24
24;2016-01-04;2;BBDC3;20.2
25;2016-01-04;2;BBDC4;19.0
26;2016-01-04;12;BBPO11;95.5
27;2016-01-04;12;BBRC11;84.0
28;2016-01-04;2;BBRK3;1.33
29;2016-01-04;2;BBSE3;22.83
30;2016-01-04;2;BBTG11;15.3
31;2016-01-04;12;BBVJ11;53.5
32;2016-01-04;12;BCFF11B;57.5
33;2016-01-04;12;BCRI11;96.79
34;2016-01-04;2;BEEF3;12.5
35;2016-01-04;2;BEES3;1.75
36;2016-01-04;2;BEES4;1.78
37;2016-01-04;2;BERK34;526.06
38;2016-01-04;2;BGIP4;11.35
39;2016-01-04;2;BMEB3;7.0
40;2016-01-04;2;BMKS3;257.0
41;2016-01-04;12;BMLC11B;81.0
42;2016-01-04;2;BOAC34;66.39
43;2016-01-04;2;BPAN4;1.79
44;2016-01-04;12;BPFF11;66.48
45;2016-01-04;2;BPHA3;4.68
46;2016-01-04;2;BRAP3;4.28
47;2016-01-04;2;BRAP4;4.7
48;2016-01-04;12;BRCR11;91.6
49;2016-01-04;2;BRFS3;54.22
50;2016-01-04;2;BRIN3;19.5
51;2016-01-04;2;BRKM3;15.5
52;2016-01-04;2;BRKM5;27.1
53;2016-01-04;2;BRML3;10.87
54;2016-01-04;2;BRPR3;8.29
55;2016-01-04;2;BRSR6;5.57
56;2016-01-04;2;BTOW3;14.49
57;2016-01-04;2;BTTL4;11.0
58;2016-01-04;2;BVMF3;10.45
59;2016-01-04;2;CAMB4;0.83
60;2016-01-04;2;CARD3;2.9
61;2016-01-04;2;CBEE3;0.87
62;2016-01-04;2;CBMA4;0.01
63;2016-01-04;2;CCRO3;12.15
64;2016-01-04;2;CCXC3;3.16
65;2016-01-04;2;CEBR3;14.9
66;2016-01-04;2;CELP3;1.75
67;2016-01-04;12;CEOC11B;47.0
68;2016-01-04;2;CESP3;10.52
69;2016-01-04;2;CESP6;13.23
70;2016-01-04;2;CGAS5;39.1
71;2016-01-04;2;CGRA3;10.1
72;2016-01-04;2;CGRA4;9.0
73;2016-01-04;2;CHVX34;179.37
74;2016-01-04;2;CIEL3;32.21
75;2016-01-04;2;CLSC4;9.59
76;2016-01-04;2;CMCS34;223.65
77;2016-01-04;2;CMIG3;5.95
78;2016-01-04;2;CMIG4;5.66
79;2016-01-04;12;CNES11B;88.0
80;2016-01-04;2;COCA34;170.75
81;2016-01-04;2;COCE5;35.59
82;2016-01-04;2;COLG34;261.26
83;2016-01-04;2;CPFE3;14.8
84;2016-01-04;2;CPLE3;15.3
85;2016-01-04;2;CPLE6;23.0
86;2016-01-04;2;CPRE3;11.9
87;2016-01-04;2;CRDE3;1.4
88;2016-01-04;2;CRPG5;3.3
89;2016-01-04;2;CSAN3;24.0
90;2016-01-04;2;CSMG3;14.6
91;2016-01-04;2;CSNA3;3.86
92;2016-01-04;2;CTAX11;0.43
93;2016-01-04;2;CTAX3;0.11
94;2016-01-04;2;CTAX4;0.09
95;2016-01-04;2;CTGP34;206.45
96;2016-01-04;2;CTIP3;35.8
97;2016-01-04;2;CTKA4;0.25
98;2016-01-04;12;CTXT11;3.13
99;2016-01-04;2;CVCB3;12.53
100;2016-01-04;12;CXRI11;814.9
101;2016-01-04;2;CYRE3;7.28
102;2016-01-04;2;CZLT33;14.29
103;2016-01-04;2;DAGB33;468.5
104;2016-01-04;2;DASA3;10.17
105;2016-01-04;2;DIRR3;3.42
106;2016-01-04;2;DISB34;416.34
107;2016-01-04;2;DOWB34;203.45
108;2016-01-04;12;DRIT11B;107.0
109;2016-01-04;2;DTCY3;0.45
110;2016-01-04;2;DTEX3;5.65
111;2016-01-04;2;EBAY34;52.76
112;2016-01-04;2;ECOR3;4.77
113;2016-01-04;12;EDFO11B;200.0
114;2016-01-04;12;EDGA11B;53.55
115;2016-01-04;2;EEEL4;0.9
116;2016-01-04;2;ELEK4;6.97
117;2016-01-04;2;ELET3;5.43
118;2016-01-04;2;ELET6;9.9
119;2016-01-04;2;ELPL4;8.0
120;2016-01-04;2;EMAE4;3.85
121;2016-01-04;2;EMBR3;29.32
122;2016-01-04;2;ENBR3;11.27
123;2016-01-04;2;ENGI11;14.0
124;2016-01-04;2;ENGI3;2.7
125;2016-01-04;2;ENGI4;2.75
126;2016-01-04;2;ENMA3B;17.69
127;2016-01-04;2;EQTL3;33.0
128;2016-01-04;2;ESTC3;13.9
129;2016-01-04;2;ETER3;1.97
130;2016-01-04;2;EUCA4;2.88
131;2016-01-04;12;EURO11;160.0
132;2016-01-04;2;EVEN3;4.03
133;2016-01-04;2;EXXO34;78.17
134;2016-01-04;2;EZTC3;12.04
135;2016-01-04;12;FAED11B;147.0
136;2016-01-04;12;FAMB11B;3750.0
137;2016-01-04;2;FBOK34;206.22
138;2016-01-04;12;FCFL11B;1265.0
139;2016-01-04;2;FDMO34;55.73
140;2016-01-04;2;FESA3;9.0
141;2016-01-04;2;FESA4;7.03
142;2016-01-04;12;FEXC11B;94.0
143;2016-01-04;12;FFCI11;1.29
144;2016-01-04;2;FHER3;1.39
145;2016-01-04;2;FIBR3;50.82
146;2016-01-04;12;FIGS11;61.0
147;2016-01-04;12;FIIP11B;138.05
148;2016-01-04;12;FIXX11;70.99
149;2016-01-04;2;FJTA4;1.15
150;2016-01-04;12;FLCI11;11625.0
151;2016-01-04;12;FLMA11;1.81
152;2016-01-04;12;FLRP11B;600.0
153;2016-01-04;2;FLRY3;15.25
154;2016-01-04;12;FPAB11;300.0
155;2016-01-04;2;FRAS3;3.55
156;2016-01-04;2;FRIO3;1.78
157;2016-01-04;12;FVBI11B;76.0
158;2016-01-04;2;GEOO34;123.26
159;2016-01-04;2;GEPA4;45.0
160;2016-01-04;2;GFSA3;2.36
161;2016-01-04;2;GGBR3;3.33
162;2016-01-04;2;GGBR4;4.54
163;2016-01-04;2;GOAU3;1.44
164;2016-01-04;2;GOAU4;1.6
165;2016-01-04;2;GOLL4;2.41
166;2016-01-04;2;GPIV33;8.16
167;2016-01-04;2;GRND3;16.5
168;2016-01-04;2;GSGI34;71.62
169;2016-01-04;2;GSHP3;2.75
170;2016-01-04;2;GUAR3;44.78
171;2016-01-04;2;GUAR4;48.34
172;2016-01-04;12;GWIR11;278.99
173;2016-01-04;2;HAGA4;1.59
174;2016-01-04;2;HBOR3;1.49
175;2016-01-04;12;HCRI11B;212.22
176;2016-01-04;12;HGBS11;1390.0
177;2016-01-04;12;HGCR11;925.0
178;2016-01-04;12;HGJH11;999.99
179;2016-01-04;12;HGLG11;998.88
180;2016-01-04;12;HGRE11;1110.0
181;2016-01-04;2;HGTX3;14.25
182;2016-01-04;2;HOME34;264.16
183;2016-01-04;2;HSHY34;71.16
184;2016-01-04;12;HTMX11B;93.25
185;2016-01-04;2;HYPE3;21.09
186;2016-01-04;2;IDNT3;12.0
187;2016-01-04;2;IDVL4;1.02
188;2016-01-04;2;IGBR3;2.31
189;2016-01-04;2;IGTA3;18.27
190;2016-01-04;2;ITLC34;136.83
191;2016-01-04;2;ITSA3;6.8
192;2016-01-04;2;ITSA4;6.6
193;2016-01-04;2;ITUB3;23.1
194;2016-01-04;2;ITUB4;25.13
195;2016-01-04;2;JBSS3;12.05
196;2016-01-04;2;JHSF3;1.2
197;2016-01-04;2;JNJB34;404.89
198;2016-01-04;2;JPMC34;128.26
199;2016-01-04;12;JRDM11B;61.5
200;2016-01-04;2;JSLG3;6.5
201;2016-01-04;12;JSRE11;89.93
202;2016-01-04;2;KEPL3;15.35
203;2016-01-04;2;KLBN11;21.94
204;2016-01-04;2;KLBN3;9.0
205;2016-01-04;2;KLBN4;3.6
206;2016-01-04;12;KNCR11;107.0
207;2016-01-04;12;KNRE11;1.1
208;2016-01-04;12;KNRI11;106.0
209;2016-01-04;2;KROT3;9.42
210;2016-01-04;2;LAME3;11.7
211;2016-01-04;2;LAME4;18.77
212;2016-01-04;2;LATM33;23.0
213;2016-01-04;2;LCAM3;3.39
214;2016-01-04;2;LEVE3;23.6
215;2016-01-04;2;LIGT3;8.74
216;2016-01-04;2;LILY34;167.58
217;2016-01-04;2;LINX3;44.41
218;2016-01-04;2;LIXC4;1.17
219;2016-01-04;2;LLIS3;1.91
220;2016-01-04;2;LMTB34;857.13
221;2016-01-04;2;LOGN3;1.35
222;2016-01-04;2;LPSB3;2.22
223;2016-01-04;2;LREN3;16.15
224;2016-01-04;2;MAGG3;2.7
225;2016-01-04;12;MAXR11B;1019.02
226;2016-01-04;12;MBRF11;760.0
227;2016-01-04;2;MCDC34;118.38
228;2016-01-04;2;MDIA3;65.0
229;2016-01-04;2;MDLZ34;88.69
230;2016-01-04;2;MEAL3;4.14
231;2016-01-04;2;METB34;189.19
232;2016-01-04;12;MFII11;100.7
233;2016-01-04;2;MGLU3;17.95
234;2016-01-04;2;MILS3;2.55
235;2016-01-04;2;MLFT4;0.69
236;2016-01-04;2;MMXM3;0.24
237;2016-01-04;2;MNPR3;0.04
238;2016-01-04;2;MOSC34;56.47
239;2016-01-04;2;MPLU3;36.38
240;2016-01-04;2;MRCK34;211.11
241;2016-01-04;2;MRFG3;6.23
242;2016-01-04;2;MRVE3;8.33
243;2016-01-04;2;MSCD34;382.4
244;2016-01-04;2;MSFT34;217.6
245;2016-01-04;2;MTIG4;0.97
246;2016-01-04;2;MTSA4;8.98
247;2016-01-04;2;MULT3;37.59
248;2016-01-04;2;MWET4;1.4
249;2016-01-04;12;MXRF11;83.0
250;2016-01-04;2;MYPK3;11.46
251;2016-01-04;2;NATU3;23.71
252;2016-01-04;2;NFLX34;437.39
253;2016-01-04;2;NIKE34;248.64
254;2016-01-04;12;NSLU11B;175.0
255;2016-01-04;2;ODPV3;9.01
256;2016-01-04;2;OFSA3;34.7
257;2016-01-04;2;OIBR3;2.42
258;2016-01-04;2;OIBR4;1.84
259;2016-01-04;12;ONEF11;779.7
260;2016-01-04;2;ORCL34;144.03
261;2016-01-04;2;PARC3;9.56
262;2016-01-04;2;PCAR4;39.92
263;2016-01-04;2;PDGR3;1.65
264;2016-01-04;2;PEAB3;28.0
265;2016-01-04;2;PEPB34;395.71
266;2016-01-04;2;PETR3;8.67
267;2016-01-04;2;PETR4;6.87
268;2016-01-04;2;PFIZ34;128.86
269;2016-01-04;2;PFRM3;4.8
270;2016-01-04;2;PGCO34;314.85
271;2016-01-04;2;PINE4;3.7
272;2016-01-04;2;PLAS3;1.97
273;2016-01-04;12;PLRI11;116.63
274;2016-01-04;2;PMAM3;2.07
275;2016-01-04;2;PNVL3;280.0
276;2016-01-04;2;POMO3;1.66
277;2016-01-04;2;POMO4;1.73
278;2016-01-04;2;POSI3;1.61
279;2016-01-04;12;PQDP11;1410.0
280;2016-01-04;2;PRBC4;7.9
281;2016-01-04;2;PRIO3;2.3
282;2016-01-04;2;PRML3;9.15
283;2016-01-04;12;PRSV11;540.0
284;2016-01-04;2;PSSA3;28.63
285;2016-01-04;2;PTBL3;1.93
286;2016-01-04;2;QGEP3;5.57
287;2016-01-04;2;QUAL3;13.75
288;2016-01-04;2;RADL3;35.16
289;2016-01-04;2;RANI3;3.0
290;2016-01-04;2;RAPT3;1.66
291;2016-01-04;2;RAPT4;2.27
292;2016-01-04;12;RBCB11;573.99
293;2016-01-04;12;RBGS11;39.0
294;2016-01-04;12;RBRD11;59.1
295;2016-01-04;12;RBVO11;74.0
296;2016-01-04;2;RCSL3;2.5
297;2016-01-04;2;RCSL4;2.05
298;2016-01-04;2;RDNI3;4.25
299;2016-01-04;2;RENT3;23.35
300;2016-01-04;2;RLOG3;1.02
301;2016-01-04;2;RNEW11;24.3
302;2016-01-04;12;RNGO11;73.55
303;2016-01-04;2;ROMI3;1.68
304;2016-01-04;2;RSID3;0.64
305;2016-01-04;2;RUMO3;5.99
306;2016-01-04;12;SAAG11;83.22
307;2016-01-04;2;SANB11;14.65
308;2016-01-04;2;SANB3;7.8
309;2016-01-04;2;SANB4;6.52
310;2016-01-04;2;SAPR3;4.0
311;2016-01-04;2;SAPR4;2.97
312;2016-01-04;2;SBSP3;18.15
313;2016-01-04;2;SBUB34;234.09
314;2016-01-04;2;SCAR3;21.9
315;2016-01-04;12;SDIL11;69.9
316;2016-01-04;2;SEDU3;12.11
317;2016-01-04;2;SEER3;7.55
318;2016-01-04;2;SGPS3;2.72
319;2016-01-04;2;SHOW3;2.95
320;2016-01-04;2;SHUL4;3.8
321;2016-01-04;2;SLBG34;278.05
322;2016-01-04;2;SLCE3;16.12
323;2016-01-04;2;SLED4;4.8
324;2016-01-04;2;SMLE3;35.24
325;2016-01-04;2;SMTO3;44.47
326;2016-01-04;2;SNSL3;9.05
327;2016-01-04;12;SPTW11;60.2
328;2016-01-04;2;SSBR3;16.2
329;2016-01-04;2;STBP11;11.0
330;2016-01-04;2;SULA11;18.28
331;2016-01-04;2;SUZB5;18.36
332;2016-01-04;2;SWET3;0.12
333;2016-01-04;2;TAEE11;16.15
334;2016-01-04;2;TBLE3;32.66
335;2016-01-04;12;TBOF11;57.97
336;2016-01-04;2;TCSA3;2.59
337;2016-01-04;2;TECN3;3.35
338;2016-01-04;2;TELB4;0.67
339;2016-01-04;2;TENE7;0.54
340;2016-01-04;2;TERI3;54.99
341;2016-01-04;2;TGMA3;4.51
342;2016-01-04;12;THRA11B;61.0
343;2016-01-04;2;TIET11;14.2
344;2016-01-04;2;TIET4;3.13
345;2016-01-04;2;TIFF34;300.48
346;2016-01-04;2;TIMP3;6.79
347;2016-01-04;2;TOTS3;30.69
348;2016-01-04;2;TOYB3;1.37
349;2016-01-04;2;TOYB4;0.71
350;2016-01-04;2;TPIS3;4.59
351;2016-01-04;2;TRIS3;2.54
352;2016-01-04;12;TRNT11B;145.0
353;2016-01-04;2;TRPL4;44.4
354;2016-01-04;12;TRXL11;67.0
355;2016-01-04;2;TUPY3;19.14
356;2016-01-04;2;TWXB34;261.79
357;2016-01-04;2;UCAS3;1.68
358;2016-01-04;2;UGPA3;57.5
359;2016-01-04;2;UNIP5;5.39
360;2016-01-04;2;UNIP6;4.4
361;2016-01-04;2;UPAC34;79.37
362;2016-01-04;2;USIM3;3.88
363;2016-01-04;2;USIM5;1.46
364;2016-01-04;2;VAGR3;7.6
365;2016-01-04;2;VALE3;12.69
366;2016-01-04;2;VALE5;10.0
367;2016-01-04;2;VERZ34;185.41
368;2016-01-04;2;VISA34;306.58
369;2016-01-04;2;VIVR3;0.03
370;2016-01-04;2;VIVT3;30.35
371;2016-01-04;2;VIVT4;35.5
372;2016-01-04;2;VLID3;39.47
373;2016-01-04;12;VLOL11;58.0
374;2016-01-04;12;VRTA11;107.0
375;2016-01-04;2;VULC3;0.48
376;2016-01-04;2;VVAR11;3.21
377;2016-01-04;2;VVAR3;1.2
378;2016-01-04;2;VVAR4;1.05
379;2016-01-04;2;WEGE3;14.64
380;2016-01-04;2;WFCO34;219.2
381;2016-01-04;2;WHRL3;2.63
382;2016-01-04;2;WHRL4;2.4
383;2016-01-04;2;WSON33;32.99
384;2016-01-04;12;XPCM11;70.4
385;2016-01-04;12;XPGA11;81.02
386;2016-01-04;2;XRXB34;41.25
387;2016-01-04;12;XTED11;39.0
392;2016-01-05;2;AELP3;5.69
404;2016-01-05;2;ATTB34;139.56
405;2016-01-05;2;BAHI3;3.04
406;2016-01-05;2;BAZA3;0.24
410;2016-01-05;12;BBFI11B;2120.0
423;2016-01-05;2;BIOM3;5.51
424;2016-01-05;2;BMEB4;4.19
425;2016-01-05;2;BMIN4;0.13
429;2016-01-05;2;BOBR4;1.42
438;2016-01-05;2;BRIV3;6.13
451;2016-01-05;12;CBOP11;620.0
454;2016-01-05;2;CEED4;0.65
459;2016-01-05;2;CGAS3;37.5
469;2016-01-05;2;COPH34;47.79
474;2016-01-05;12;CPTS11B;95.03
478;2016-01-05;12;CSHP11B;925.0
488;2016-01-05;12;CXCE11B;1750.0
494;2016-01-05;2;DAYC4;8.69
497;2016-01-05;12;DOMC11;570.0
504;2016-01-05;2;EEEL3;0.7
515;2016-01-05;2;ESTR4;0.44
539;2016-01-05;12;FMOF11;99.05
542;2016-01-05;2;FRTA3;3.65
556;2016-01-05;12;GVFF11;730.0
570;2016-01-05;2;IDVL3;1.71
574;2016-01-05;2;IMBI3;0.86
661;2016-01-05;2;RJCP3;0.01
669;2016-01-05;12;SAIC11B;102.65
679;2016-01-05;2;SFSA4;2.18
680;2016-01-05;2;SGAS4;5.6
685;2016-01-05;2;SLED3;5.0
690;2016-01-05;2;SPRI6;0.31
703;2016-01-05;2;TEMP3;4.0
714;2016-01-05;2;TRPL3;42.98
716;2016-01-05;2;TRPN3;8.6
738;2016-01-05;2;WALM34;63.14
765;2016-01-06;2;BALM4;9.1
778;2016-01-06;12;BCIA11;95.0
788;2016-01-06;2;BMTO3;4.39
789;2016-01-06;2;BMTO4;5.4
790;2016-01-06;12;BNFS11;87.99
806;2016-01-06;2;BSAN33;18.76
808;2016-01-06;2;BTTL3;10.65
817;2016-01-06;2;CEDO4;5.99
836;2016-01-06;2;CRIV3;2.99
851;2016-01-06;12;CXTL11;490.0
857;2016-01-06;2;DHER34;90.58
873;2016-01-06;2;ENMT3;7.01
924;2016-01-06;2;HOOT4;3.8
935;2016-01-06;2;JBDU4;5.9
956;2016-01-06;2;LIXC3;1.08
971;2016-01-06;2;MNDL3;5.98
973;2016-01-06;2;MOAR3;140.0
1006;2016-01-06;12;PORD11;96.0
1021;2016-01-06;12;RBBV11;62.69
1027;2016-01-06;12;RDES11;69.0
1049;2016-01-06;12;SHPH11;610.0
1056;2016-01-06;2;SPRI3;0.19
1095;2016-01-06;2;VIGR3;9.5
1152;2016-01-07;2;BMYB34;264.28
1176;2016-01-07;2;CEEB3;25.45
1248;2016-01-07;2;FDXB34;544.5
1256;2016-01-07;12;FIIB11;260.0
1283;2016-01-07;2;HALI34;135.55
1337;2016-01-07;2;MMMC34;144.71
1383;2016-01-07;2;RANI4;3.26
1438;2016-01-07;2;TEXA34;210.34
1457;2016-01-07;2;UPSS34;94.38
1478;2016-01-07;12;WPLZ11B;62.0
1537;2016-01-08;2;BRIV4;6.97
1543;2016-01-08;2;BSEV3;4.83
1552;2016-01-08;2;CELP5;1.5
1574;2016-01-08;2;CRIV4;3.09
1576;2016-01-08;2;CSCO34;102.06
1627;2016-01-08;2;FJTA3;1.7
1647;2016-01-08;12;GRLV11;811.11
1667;2016-01-08;2;IBMB34;535.85
1672;2016-01-08;2;IMBI4;0.65
1758;2016-01-08;2;PTNT4;1.9
1776;2016-01-08;12;RNDP11;918.0
1832;2016-01-08;2;TXRX4;0.16
1899;2016-01-11;2;BGIP3;13.0
1906;2016-01-11;2;BOEI34;526.52
1914;2016-01-11;2;BRGE12;2.41
1915;2016-01-11;2;BRGE3;1.87
1933;2016-01-11;2;CEGR3;120.0
1956;2016-01-11;2;CREM3;14.51
1986;2016-01-11;2;ELET5;13.1
2074;2016-01-11;2;KMBB34;503.25
2112;2016-01-11;2;MSBR34;115.11
2202;2016-01-11;2;TELB3;3.61
2211;2016-01-11;2;TKNO4;46.23
2227;2016-01-11;2;UNIP3;5.9
2234;2016-01-11;2;UTEC34;365.59
2254;2016-01-11;2;WUNI34;67.41
2289;2016-01-12;2;BDLL4;37.0
2321;2016-01-12;2;CEBR6;12.0
2323;2016-01-12;2;CEED3;0.5
2355;2016-01-12;2;CTNM4;2.21
2370;2016-01-12;2;EALT4;12.18
2458;2016-01-12;2;KHCB34;294.36
2561;2016-01-12;2;SHUL3;12.0
2692;2016-01-13;2;BRGE11;3.71
2701;2016-01-13;2;BRSR5;6.17
2762;2016-01-13;2;ELEK3;4.2
2832;2016-01-13;2;IBOV11;39087.0
2913;2016-01-13;2;PNVL4;146.0
2939;2016-01-13;2;RDTR3;6.3
2946;2016-01-13;2;RPAD3;2.2
3093;2016-01-14;2;BRSR3;8.8
3098;2016-01-14;12;BVAR11;100.01
3109;2016-01-14;2;CESP5;11.31
3129;2016-01-14;2;CPTP3B;0.5
3133;2016-01-14;2;CRPG6;3.0
3137;2016-01-14;2;CSRN3;9.5
3330;2016-01-14;12;RBDS11;640.0
3385;2016-01-14;2;TIET3;3.1
3405;2016-01-14;2;USIM6;1.05
3427;2016-01-14;12;WMRB11B;310.0
3504;2016-01-15;2;CELP7;1.5
3506;2016-01-15;2;CEPE5;21.0
3883;2016-01-18;2;CBMA3;0.02
3928;2016-01-18;2;EALT3;23.0
4214;2016-01-19;2;BONY34;144.92
4237;2016-01-19;2;CEEB5;26.19
4296;2016-01-19;2;ELPL3;10.0
4335;2016-01-19;2;GDBR34;512.5
4352;2016-01-19;2;HBTS5;5.08
4444;2016-01-19;2;PEAB4;29.0
4636;2016-01-20;2;CATP34;235.92
4640;2016-01-20;2;CCPR3;8.6
4706;2016-01-20;2;ENMT4;7.0
4718;2016-01-20;2;FCXO34;16.25
5075;2016-01-21;2;DOHL4;4.27
5257;2016-01-21;2;RNEW3;19.0
5360;2016-01-22;2;ARMT34;7.03
5577;2016-01-22;2;MRSA3B;7.99
5629;2016-01-22;2;RPAD5;4.03
5718;2016-01-26;2;AFLT3;2.3
5719;2016-01-26;2;AFLU3;3.19
5835;2016-01-26;2;EKTR4;19.1
6030;2016-01-26;2;SGAS3;6.0
6295;2016-01-27;2;HETA4;7.96
6319;2016-01-27;2;JOPA3;11.5
6583;2016-01-28;2;CLGN34;398.8
6670;2016-01-28;2;GPAR3;4.0
7132;2016-01-29;2;MWET3;9.7
7607;2016-02-01;2;SOND5;22.5
7608;2016-02-01;2;SOND6;22.5
7691;2016-02-02;12;ATSA11B;891.0
7912;2016-02-02;2;MTIG3;4.79
8361;2016-02-03;2;RPAD6;1.7
8665;2016-02-04;2;LIPR3;48.8
8726;2016-02-04;2;PTPA4;72.0
8930;2016-02-05;2;CTSA3;2.19
8931;2016-02-05;2;CTSA4;2.14
9442;2016-02-10;2;MSPA4;26.0
9820;2016-02-11;2;MSPA3;25.01
10374;2016-02-15;2;BNBR3;27.0
11037;2016-02-16;2;SPRI5;0.38
11193;2016-02-17;2;COCE3;30.02
11342;2016-02-17;2;MEND5;5.98
11368;2016-02-17;2;PCAR3;55.16
11676;2016-02-18;2;JBDU3;12.1
11729;2016-02-18;12;PABY11;30.01
12053;2016-02-19;12;LATR11B;1000.0
12718;2016-02-23;2;CLSC3;28.0
12989;2016-02-23;2;TXRX3;0.3
12994;2016-02-23;2;USBC34;154.51
13447;2016-02-25;2;BRKM6;16.0
13633;2016-02-25;2;NAFG3;15.0
13643;2016-02-25;2;PATI4;11.5
14017;2016-02-26;2;NUTR3;39.0
14253;2016-02-29;2;CSRN5;8.56
14525;2016-02-29;12;TSFI11;1.6
14672;2016-03-01;2;CTNM3;2.4
14692;2016-03-01;2;ECPR4;42.47
14723;2016-03-01;2;FIGE3;43.0
14724;2016-03-01;2;FIGE4;38.01
14803;2016-03-01;2;MEND6;3.5
14909;2016-03-01;12;TFOF11;1038.98
15033;2016-03-02;2;CEBR5;28.12
16077;2016-03-04;2;TENE5;0.59
16231;2016-03-07;2;CTKA3;0.99
16335;2016-03-07;2;JFEN3;2.49
16339;2016-03-07;2;JOPA4;18.0
16673;2016-03-08;2;EUCA3;4.08
16775;2016-03-08;2;MLFT3;0.61
17127;2016-03-09;2;ITEC3;15.03
17558;2016-03-10;2;MERC4;8.4
17728;2016-03-11;2;ACNB34;380.58
18271;2016-03-14;2;EKTR3;15.7
18899;2016-03-15;2;TGTB34;302.81
19392;2016-03-17;2;BRGE6;5.03
19453;2016-03-17;2;DOHL3;8.5
19522;2016-03-17;2;HPQB34;42.95
20958;2016-03-23;2;BRGE8;3.0
21311;2016-03-24;2;AZEV3;1.5
21690;2016-03-28;12;ANCR11B;701.75
22583;2016-03-30;2;CSAB4;43.02
23332;2016-04-01;2;CASN4;10.5
23851;2016-04-04;12;FOFT11;735.0
23953;2016-04-04;2;NAFG4;13.0
25068;2016-04-07;2;MAPT4;2.02
25705;2016-04-11;2;COTY34;49.8
26117;2016-04-12;2;CSAB3;41.85
27692;2016-04-18;12;CARE11;1.65
27821;2016-04-18;2;HONB34;412.6
28534;2016-04-20;2;CSRN6;9.95
28557;2016-04-20;2;ECPR3;30.0
30095;2016-04-27;2;CVSH34;183.0
30136;2016-04-27;12;FIVN11;2.01
30153;2016-04-27;2;GILD34;179.25
30324;2016-04-27;2;TMOS34;130.5
30406;2016-04-28;2;BIIB34;164.2
30407;2016-04-28;2;BLAK34;213.4
30694;2016-04-28;2;SCHW34;104.0
31436;2016-05-02;2;PATI3;11.01
31738;2016-05-03;2;GEPA3;37.08
31974;2016-05-04;2;APTI4;350.0
33288;2016-05-09;2;GOGL34;103.25
33289;2016-05-09;2;GOGL35;100.45
33972;2016-05-11;2;CASN3;10.2
35151;2016-05-16;2;BRGE5;2.75
35542;2016-05-17;2;BOXP34;46.18
35552;2016-05-17;2;BRGE7;2.58
35619;2016-05-17;2;DUPO34;227.3
35632;2016-05-17;2;ESRX34;128.37
35814;2016-05-17;2;ROST34;98.34
35864;2016-05-17;2;TRVC34;197.55
36686;2016-05-20;2;AHEB3;20.02
36687;2016-05-20;2;AHEB5;20.01
36688;2016-05-20;2;AHEB6;20.02
37036;2016-05-20;12;VRTA13;3.0
37294;2016-05-23;2;MACY34;112.62
37747;2016-05-24;2;PTPA3;7.95
38193;2016-05-25;2;SSFO34;151.35
38614;2016-05-27;2;VTLM3;0.34
40507;2016-06-03;12;VRTA12;109.3
40523;2016-06-06;2;ABBV34;219.74
40696;2016-06-06;2;GPSI34;67.07
41379;2016-06-08;2;DEAI34;140.66
42083;2016-06-10;2;CEPE6;18.26
44022;2016-06-17;2;CTSH34;204.19
44762;2016-06-21;2;BSLI4;17.81
46060;2016-06-24;2;MTSA3;20.0
46655;2016-06-28;2;CORR4;80.0
47171;2016-06-29;2;HAGA3;2.43
47943;2016-07-01;2;ENEV3;11.9
48761;2016-07-05;12;FVPQ11;111.12
49871;2016-07-08;2;COWC34;136.08
49916;2016-07-08;2;EMCC34;90.0
50036;2016-07-08;2;MDTC34;145.98
50094;2016-07-08;2;QCOM34;178.41
50225;2016-07-11;12;ARFI11B;931.33
50240;2016-07-11;2;BBTG35;1.15
50241;2016-07-11;2;BBTG36;1.15
50263;2016-07-11;2;BPAC3;4.6
50264;2016-07-11;2;BPAC5;4.6
53652;2016-07-21;2;EGIE3;41.65
53910;2016-07-21;2;TWTR34;30.35
56374;2016-08-01;2;AALC34;34.57
56409;2016-08-01;2;BBYY34;109.77
56618;2016-08-01;2;JCPC34;32.12
56722;2016-08-01;2;RIGG34;33.88
56753;2016-08-01;2;SPRN34;20.49
56785;2016-08-01;2;TSOR34;122.21
56800;2016-08-01;2;USSX34;87.51
56811;2016-08-01;2;VLOE34;84.61
57384;2016-08-03;2;ESTR3;2.0
58111;2016-08-05;2;CEDO3;6.98
58652;2016-08-08;12;HTMX12B;9.8
58840;2016-08-08;2;VSPT3;3.05
60580;2016-08-15;2;BMIN3;0.98
60626;2016-08-15;2;CHKE34;17.55
60887;2016-08-15;12;SCPF11;40.0
61617;2016-08-17;2;MRSA5B;3.0
62883;2016-08-22;2;SANC34;27.39
62907;2016-08-22;2;STBP3;2.76
63146;2016-08-23;2;FSLR34;60.95
63191;2016-08-23;12;JPPC11;1000.01
66680;2016-09-05;12;FIIB12;16.0
66803;2016-09-05;2;REDE4;2.55
67612;2016-09-08;2;REDE3;2.2
67715;2016-09-09;2;ALUP4;4.7
67764;2016-09-09;2;CALI4;145.0
68522;2016-09-13;12;BCRI12;6.0
72227;2016-09-26;12;KNIP11;101.32
72298;2016-09-26;2;PTNT3;6.2
73069;2016-09-28;2;MERC3;7.5
74053;2016-10-03;2;AETB34;369.64
74180;2016-10-03;2;DUKB34;255.07
74489;2016-10-04;2;ALUP3;5.35
76028;2016-10-10;2;AIGB34;194.7
77203;2016-10-14;12;AQLL11;505.1
78313;2016-10-18;12;REIT11B;1198.47
79325;2016-10-21;12;CNES12B;1.92
80268;2016-10-25;2;GMCO34;99.42
80336;2016-10-25;2;MAPT3;6.3
81370;2016-10-28;2;AALR3;19.2
83745;2016-11-07;2;TESA3;13.04
83975;2016-11-08;2;HETA3;4.0
85191;2016-11-11;12;FPNG11;0.2
86259;2016-11-16;2;UBSG34;54.76
86529;2016-11-17;2;LFFE3;0.97
86530;2016-11-17;2;LFFE4;1.2
95346;2016-12-19;2;TGLT32;20.0
98542;2017-01-02;2;ADHM3;0.79
103980;2017-01-19;2;TSLA34;195.5
106719;2017-01-31;2;GPRO34;33.32
108747;2017-02-07;2;BSLI3;27.5
108840;2017-02-07;12;EURO12;15.1
109375;2017-02-08;2;MOVI3;7.3
111066;2017-02-14;2;PARD3;20.7
111649;2017-02-16;2;BBTG12;0.5
111666;2017-02-16;2;BPAC11;17.5
114748;2017-03-01;2;LBRN34;41.17
114758;2017-03-01;2;LUXM4;13.3
115724;2017-03-06;2;AALL34;141.31
116359;2017-03-07;12;FTCE11B;2910.73
118090;2017-03-13;2;RAIL3;8.74
119611;2017-03-17;2;MGEL4;6.72
121002;2017-03-23;2;ATOM3;4.88
122497;2017-03-28;2;RNEW4;0.2
122675;2017-03-29;2;CRPG3;20.62
123007;2017-03-30;12;BCFF12B;0.2
123664;2017-03-31;2;RSUL4;18.2
124536;2017-04-04;2;SULA4;10.0
126245;2017-04-11;2;AZUL4;22.4
127744;2017-04-17;2;SULA3;12.0
129001;2017-04-24;2;BDLL3;51.0
130955;2017-05-02;12;ALMI11;1799.5
131047;2017-05-02;12;CNES11;95.0
131090;2017-05-02;12;EDGA11;54.0
131111;2017-05-02;12;FAED11;229.0
131119;2017-05-02;12;FEXC11;103.1
131134;2017-05-02;12;FVBI11;100.0
131154;2017-05-02;12;HCRI11;324.99
131165;2017-05-02;12;HTMX11;124.0
131184;2017-05-02;12;JRDM11;85.2
131236;2017-05-02;12;NSLU11;215.0
131348;2017-05-02;12;TRNT11;167.0
131621;2017-05-03;12;MAXR11;1703.1
131769;2017-05-03;2;WIZS3;19.5
131944;2017-05-04;12;GGRC11;102.3
132110;2017-05-04;2;TEND3;14.65
132573;2017-05-08;2;ARNC34;86.74
132737;2017-05-08;12;FLRP11;1090.0
133770;2017-05-10;2;TAEE4;12.0
135824;2017-05-17;2;TAEE3;8.0
140121;2017-06-01;12;CEOC11;80.1
140203;2017-06-01;12;FCFL11;1910.0
140320;2017-06-01;12;OUJP11;107.5
140411;2017-06-01;12;THRA11;107.0
146889;2017-06-26;2;WLMM4;3.5
150449;2017-07-07;2;SOND3;34.8
150503;2017-07-07;2;WLMM3;6.4
150923;2017-07-11;2;BALM3;5.31
153571;2017-07-19;2;FMXB34;323.85
153936;2017-07-20;2;CRFB3;14.9
155243;2017-07-25;2;GBIO33;27.27
156039;2017-07-27;12;FISD11;203.32
156914;2017-07-31;2;IRBR3;29.29
156981;2017-07-31;2;OMGE3;16.5
158287;2017-08-03;2;OGSA3;2.59
158288;2017-08-03;2;OGXP3;4.27
160111;2017-08-10;2;ANDV34;148.06
162432;2017-08-17;12;DOVL11B;1285.69
164842;2017-08-24;12;TGAR11B;110.0
169522;2017-09-11;2;ODER4;11.01
169547;2017-09-11;2;PPLA11;2.97
169548;2017-09-11;2;PPLA35;1.71
169549;2017-09-11;2;PPLA36;3.5
171137;2017-09-15;12;FFCI12;0.26
171322;2017-09-15;12;RBRF11;102.95
172875;2017-09-21;2;DMMO3;1.48
175025;2017-09-28;2;CAML3;8.99
182206;2017-10-23;2;SMLS3;91.0
183803;2017-10-27;2;NORD3;5.99
185265;2017-11-01;12;VISC11;102.0
187772;2017-11-10;2;SUZB3;20.56
188754;2017-11-16;2;AFLU5;5.1
190456;2017-11-22;2;SAPR11;60.48
193186;2017-12-01;12;BCFF11;78.5
197546;2017-12-15;2;BRDT3;16.0
198000;2017-12-18;2;BKBR3;17.65
198098;2017-12-18;2;DWDP34;236.1
198236;2017-12-18;12;MALL11;101.97
199684;2017-12-21;12;UBSR11;100.5
199792;2017-12-22;12;BZLI11;12.48
201548;2017-12-28;12;XPML11;100.16
202479;2018-01-04;12;ALZR11;100.9
211829;2018-02-01;2;JPSA4;23.0
215534;2018-02-15;2;JPSA3;25.0
216467;2018-02-19;12;NPAR11;111.1
218789;2018-02-26;12;KINP11;10.0
218896;2018-02-26;12;REIT11;1223.0
220158;2018-03-01;12;HFOF11;100.0
221125;2018-03-05;2;LIQO3;4.28
222451;2018-03-08;12;IRDM11;100.99
223451;2018-03-12;2;MRSA6B;9.62
226752;2018-03-21;12;VISC12;0.55
227740;2018-03-26;2;B3SA3;25.66
230340;2018-04-03;12;MGFF11;100.5
235287;2018-04-18;12;NVHO11;6.5
236485;2018-04-23;2;GNDI3;20.25
236720;2018-04-23;12;UBSR12;1.25
237457;2018-04-25;2;HAPV3;28.85
238134;2018-04-26;12;VTLT11;101.0
238687;2018-04-30;2;BIDI11;74.0
238754;2018-04-30;2;CPLE5;27.51
239573;2018-05-02;12;WPLZ11;68.53
239917;2018-05-03;12;RDPD11;110.0
240337;2018-05-04;12;RBRR11;101.2
241616;2018-05-09;12;HGCR12;1.0
242116;2018-05-10;12;JSRE12;0.25
242368;2018-05-11;2;BIDI4;18.4
245936;2018-05-22;12;OUCY11;103.0
250917;2018-06-07;12;HBTT11;1088.19
251169;2018-06-07;12;XPLG11;92.33
256219;2018-06-22;12;XPML12;0.01
262815;2018-07-16;12;SDIL12;0.03
263206;2018-07-17;12;ORPD11;116.46
263832;2018-07-18;12;VOTS11;89.0
266826;2018-07-27;12;HGRU11;110.0
267932;2018-07-31;12;VGIR11;100.0
271392;2018-08-10;12;KNHY11;103.76
272883;2018-08-15;12;RBRP11;80.3
273039;2018-08-16;12;BCFF12;0.24
275121;2018-08-22;12;HUSC11;105.0
280147;2018-09-05;12;WTSP11B;75.0
286123;2018-09-25;12;MALL12;0.01
288204;2018-10-01;12;TGAR11;120.55
290252;2018-10-08;12;ATSA11;103.01
290619;2018-10-08;12;RBRF12;0.35
292290;2018-10-11;12;XPIN11;110.0
292396;2018-10-15;2;CELP6;1.51
295924;2018-10-24;2;BPAR3;151.0
296099;2018-10-24;12;HMOC11;175.99
296874;2018-10-26;12;BPFF12;0.35
296893;2018-10-26;2;CALI3;98.18
298290;2018-10-30;12;UBSR13;1.9
303322;2018-11-16;12;LVBI11;100.0
305198;2018-11-23;12;PDDA11B;100.0
305278;2018-11-23;2;SPRT3B;1.0
305717;2018-11-26;12;RBRR12;0.79
310546;2018-12-11;12;DMAC11;949.97
314301;2018-12-21;12;FISC11;1000.0
314394;2018-12-21;2;LOGG3;17.5
314528;2018-12-21;12;STRX11;15816.0
314620;2018-12-26;2;APER3;18.75
317292;2019-01-04;12;BTCR11;98.43
322137;2019-01-18;12;VSHO11;130.0
322590;2019-01-21;12;VGIR12;0.38
325484;2019-01-30;12;TORM13;103.7
326948;2019-02-04;12;TOUR12;102.48
329211;2019-02-11;12;TOUR13;107.76
331308;2019-02-18;2;SQIA3;27.45
333776;2019-02-25;12;KFOF11;99.5
334736;2019-02-28;2;ANDG3B;153.0
340188;2019-03-19;12;VILG11;111.0
344992;2019-04-02;12;PATC11;99.97
346572;2019-04-08;2;EMAE3;3.01
349103;2019-04-15;12;ALZR12;0.32
349770;2019-04-17;2;CNTO3;12.3
351724;2019-04-24;2;ENAT3;14.64
352520;2019-04-25;12;XPHT12;106.0
352523;2019-04-25;12;XPLG12;0.35
352912;2019-04-26;12;FRBR11;103.71
353485;2019-04-29;12;RECT11;100.5
353927;2019-04-30;12;GSFI11;5.4
354249;2019-05-02;2;MKLC34;211.32
354464;2019-05-02;12;OULG11B;106.0
354474;2019-05-02;12;RBED11;171.5
354479;2019-05-02;12;RBVA11;1215.1
354506;2019-05-02;12;XPHT11;102.0
355692;2019-05-07;2;MELI34;215.56
357343;2019-05-13;2;ADBE34;216.97
357460;2019-05-13;2;DEEC34;297.15
357481;2019-05-13;2;EQIX34;380.17
357581;2019-05-13;2;NVDC34;161.63
357606;2019-05-13;2;PYPL34;214.38
357682;2019-05-13;2;UNHH34;190.73
359865;2019-05-20;2;DGCO34;248.42
359895;2019-05-20;2;FASL34;267.85
359940;2019-05-20;2;JBDU12;4.5
360056;2019-05-20;2;SIMN34;176.73
360145;2019-05-20;12;CRFF11;95.0
360294;2019-05-21;2;BKNG34;290.11
360466;2019-05-21;2;MUTC34;145.35
360841;2019-05-22;2;EXGR34;236.85
361126;2019-05-22;12;RBRY11;104.0
361331;2019-05-23;2;JBDU11;5.1
361483;2019-05-23;2;WGBA34;104.6
362455;2019-05-27;12;HFOF13;0.25
362557;2019-05-28;2;AVGO34;205.0
362720;2019-05-28;2;INTU34;257.73
362760;2019-05-28;2;MCOR34;192.15
363900;2019-05-30;12;MGFF12;0.53
364875;2019-06-03;12;HGPO11;183.52
367292;2019-06-10;12;OUJP12;0.7
368535;2019-06-13;2;SLBC34;77.31
369668;2019-06-18;2;ADPR34;326.26
369739;2019-06-18;2;CAON34;176.71
369755;2019-06-18;2;CHCM34;308.06
369756;2019-06-18;2;CHME34;190.46
369764;2019-06-18;2;CNIC34;178.16
369785;2019-06-18;2;CSXC34;150.63
369792;2019-06-18;2;DDNB34;290.64
369807;2019-06-18;2;ELCI34;346.84
369889;2019-06-18;2;KMIC34;80.67
369904;2019-06-18;2;LOWC34;193.31
369921;2019-06-18;2;MOOO34;194.33
369933;2019-06-18;2;NEXT34;199.14
369936;2019-06-18;2;NOCG34;242.59
369943;2019-06-18;2;OXYP34;97.54
369957;2019-06-18;2;PNCS34;259.84
369979;2019-06-18;2;REGN34;238.24
370007;2019-06-18;2;SPGI34;219.77
370011;2019-06-18;2;STZB34;177.09
370031;2019-06-18;2;TJXC34;209.86
370059;2019-06-18;2;VRTX34;172.38
370914;2019-06-21;2;PHMO34;148.72
371093;2019-06-21;12;LOFT11B;100.3
371569;2019-06-24;12;GTWR11;101.99
372363;2019-06-26;2;NEOE3B;16.0
373819;2019-07-01;2;NEOE3;16.96
377003;2019-07-11;2;APTV34;144.44
377009;2019-07-11;2;ATVI34;173.95
377012;2019-07-11;2;AWII34;365.45
377016;2019-07-11;2;AZOI34;214.02
377068;2019-07-11;2;CAPH34;129.36
377088;2019-07-11;2;CHDC34;279.19
377092;2019-07-11;2;CINF34;198.71
377095;2019-07-11;2;CLXC34;143.97
377111;2019-07-11;2;CPRL34;220.23
377112;2019-07-11;2;CRDA34;183.25
377115;2019-07-11;2;CRIN34;168.75
377135;2019-07-11;2;DBAG34;27.65
377136;2019-07-11;2;DCVY34;118.28
377144;2019-07-11;2;DLTR34;209.17
377150;2019-07-11;2;DVAI34;209.63
377151;2019-07-11;2;EAIN34;173.16
377184;2019-07-11;2;FFTD34;104.04
377188;2019-07-11;2;FLTC34;271.65
377207;2019-07-11;2;GPRK34;67.61
377229;2019-07-11;2;ISBC34;41.67
377252;2019-07-11;2;KMPR34;164.69
377256;2019-07-11;2;LBRD34;201.46
377271;2019-07-11;2;LSXM34;148.76
377312;2019-07-11;2;ORLY34;290.31
377366;2019-07-11;2;SBNY34;234.08
377386;2019-07-11;2;SRXM34;22.56
377407;2019-07-11;2;THGI34;241.17
377418;2019-07-11;2;TPRY34;108.85
377425;2019-07-11;2;TSNF34;305.42
377441;2019-07-11;2;VFCO34;163.03
377442;2019-07-11;2;VIAM34;117.01
377448;2019-07-11;2;VLYB34;40.1
377449;2019-07-11;2;VRSN34;204.85
377453;2019-07-11;2;WABC34;163.68
377455;2019-07-11;2;WATC34;202.4
377464;2019-07-11;2;XRAY34;213.17
377465;2019-07-11;2;YUMR34;206.82
377519;2019-07-11;12;HCTR11;1112.0
378648;2019-07-15;12;OUFF11;100.0
380176;2019-07-19;2;BIDI3;28.98
381473;2019-07-23;2;YDUQ3;34.36
385894;2019-08-05;12;HABT11;100.01
385988;2019-08-06;2;ALSO3;35.0
386428;2019-08-06;12;LVBI13;4.75
387365;2019-08-08;12;BARI11;108.71
387984;2019-08-09;12;SADI11;102.99
390500;2019-08-16;12;HSML11;102.1
390505;2019-08-16;12;JSRE13;0.58
390606;2019-08-19;2;BBSD11;80.85
390625;2019-08-19;2;BOVA11;95.77
390626;2019-08-19;2;BOVB11;99.42
390627;2019-08-19;2;BOVV11;99.95
390635;2019-08-19;2;BRAX11;82.45
390707;2019-08-19;2;DIVO11;57.75
390713;2019-08-19;2;ECOO11;104.55
390737;2019-08-19;2;FDES11;0.25
390740;2019-08-19;2;FIND11;114.76
390744;2019-08-19;2;FNAM11;0.12
390745;2019-08-19;2;FNOR11;0.21
390746;2019-08-19;2;FPOR11;1.36
390748;2019-08-19;2;FSPE11;0.27
390749;2019-08-19;2;FSRF11;0.2
390750;2019-08-19;2;FSTU11;0.28
390764;2019-08-19;2;GOVE11;43.1
390785;2019-08-19;2;ISUS11;33.9
390791;2019-08-19;2;IVVB11;127.11
390822;2019-08-19;2;MATB11;28.1
390860;2019-08-19;2;PIBB11;168.57
390908;2019-08-19;2;SMAL11;108.05
390911;2019-08-19;2;SPXI11;124.45
390969;2019-08-19;2;XBOV11;97.79
390970;2019-08-19;2;XPIE11;103.0
390971;2019-08-19;2;XPOM11;100.0
393418;2019-08-26;2;ESUD11;1530.02
394211;2019-08-27;12;HGFF11;103.7
394253;2019-08-27;12;RBFF11;88.0
395946;2019-09-02;2;FCCQ11;3.0
397294;2019-09-04;12;OUCY12;0.6
398914;2019-09-09;12;YCHY11;1000.0
399922;2019-09-11;12;XPLG13;0.9
404458;2019-09-24;12;RBCO12;1.01
404723;2019-09-25;2;FOXC34;133.67
405024;2019-09-25;12;BPRP11;106.77
405555;2019-09-26;12;CVBI11;102.0
405646;2019-09-26;12;SDIP11;99.26
406156;2019-09-27;12;RCFA11;2.0
408834;2019-10-04;12;SHDP11B;1210.05
408841;2019-10-04;12;TOUR11;103.86
409843;2019-10-08;12;XPML13;3.51
410725;2019-10-10;2;VIVA3;24.11
410980;2019-10-11;2;COGN3;10.65
411322;2019-10-11;12;IBFF11;99.5
412430;2019-10-15;12;VERE11;263.89
412836;2019-10-16;12;DAMT11B;1.42
413422;2019-10-17;12;RBCO11;107.98
415389;2019-10-23;2;TXSA34;76.85
416119;2019-10-25;2;ABUD34;330.6
416280;2019-10-25;2;FMSC34;133.2
416377;2019-10-25;2;NOKI34;15.3
416467;2019-10-25;2;TSMC34;206.55
416472;2019-10-25;2;ULEV34;238.35
416688;2019-10-28;2;BMGB11;46.0
416723;2019-10-28;2;CEAB3;17.01
416912;2019-10-28;2;PTCH34;210.3
417066;2019-10-28;12;HSML12;0.06
417630;2019-10-29;12;RSPD11;1100.0
417769;2019-10-30;2;CRIP34;128.7
418401;2019-10-31;2;JDCO34;125.42
418764;2019-11-01;2;BCSA34;15.93
419276;2019-11-01;12;TGAR12;0.68
419811;2019-11-04;12;RECT12;0.18
420213;2019-11-05;2;VIGT11;103.8
420247;2019-11-05;12;BPML11;112.0
420867;2019-11-06;12;RCRB11;189.0
421749;2019-11-08;2;SNEC34;252.15
422381;2019-11-11;12;ARRI11;101.0
422838;2019-11-12;2;TASA3;4.9
422839;2019-11-12;2;TASA4;4.98
422980;2019-11-12;12;PLCR11;99.5
422985;2019-11-12;12;QAGR11;102.4
424000;2019-11-14;12;MXRF12;0.16
424545;2019-11-18;12;PRSN11B;0.36
426026;2019-11-22;2;STMN34;100.7
426159;2019-11-22;12;JPPA11;110.0
427791;2019-11-27;12;OULG12B;1.6
428306;2019-11-28;12;RBRP12;0.5
428333;2019-11-28;12;VINO11;63.3
428394;2019-11-29;2;BMGB4;8.4
429326;2019-12-02;12;BTLG11;103.45
429486;2019-12-03;2;BABA34;819.11
430942;2019-12-05;12;BRCO11;112.0
431606;2019-12-06;12;VISC13;2.74
432168;2019-12-09;12;XPPR11;103.5
432638;2019-12-10;12;MCCI11;105.85
435196;2019-12-17;2;ASML34;1200.14
435222;2019-12-17;2;BHPG34;225.82
435226;2019-12-17;2;BIDU34;504.73
435228;2019-12-17;2;BILB34;22.79
435268;2019-12-17;2;CAJI34;115.32
435315;2019-12-17;2;CRHP34;161.97
435341;2019-12-17;2;DEOP34;672.82
435437;2019-12-17;2;HOND34;119.07
435446;2019-12-17;2;INGG34;49.67
435526;2019-12-17;2;NETE34;1235.42
435530;2019-12-17;2;NMRH34;21.0
435549;2019-12-17;2;PHGN34;197.47
435579;2019-12-17;2;RDSA34;238.99
435584;2019-12-17;2;RIOT34;239.6
435594;2019-12-17;2;SAPP34;548.59
435631;2019-12-17;2;TAKP34;82.78
435648;2019-12-17;2;TLNC34;30.18
435649;2019-12-17;2;TMCO34;582.13
435863;2019-12-17;12;XPCI11;102.0
436040;2019-12-18;2;EQPA3;2.89
436041;2019-12-18;2;EQPA5;6.0
436156;2019-12-18;2;NTCO3;36.76
436615;2019-12-19;2;EQPA7;6.25
437566;2019-12-23;2;A1LX34;225.97
437652;2019-12-23;2;CAMB3;6.5
437743;2019-12-23;2;F1NI34;141.63
437961;2019-12-23;2;U1BE34;125.11
438064;2019-12-23;12;HLOG11;124.0
438080;2019-12-23;12;LGCP11;103.0
438564;2019-12-26;12;BICR11;132.0
438621;2019-12-26;12;HPDP11;111.5
439261;2019-12-27;12;NEWL11;123.9
439286;2019-12-27;12;RBIV11;102.0
439835;2019-12-30;12;LUGG11;120.99
440071;2020-01-02;2;EQPA6;10.01
440129;2020-01-02;2;K1SS34;200.0
440316;2020-01-02;12;CPFF11;108.85
440541;2020-01-06;2;A1DM34;186.19
441439;2020-01-06;2;S1YF34;146.0
441654;2020-01-03;12;VVPR11;113.0
441656;2020-01-06;2;W1DC34;257.54
441682;2020-01-03;12;XPCI12;2.32
441708;2020-01-07;2;A1MD34;200.16
441709;2020-01-07;2;A1MT34;255.86
442962;2020-01-07;2;I1VZ34;72.9
443713;2020-01-10;12;SARE11;111.99
443950;2020-01-09;12;UBSR16;108.0
444176;2020-01-23;2;A1PA34;125.4
444758;2020-01-14;2;BOBR3;1.0
444995;2020-01-16;2;C1CL34;215.0
446480;2020-01-23;12;HRDF11;2.1
446996;2020-01-23;2;M1RO34;50.68
448602;2020-01-23;12;TRXF11;118.0
449385;2020-01-31;2;B1SX34;180.72
450004;2020-01-29;2;C1IC34;214.7
450581;2020-01-31;2;D1OM34;183.75
450853;2020-02-05;2;EQMA3B;50.5
450940;2020-01-31;2;F1IS34;255.04
451662;2020-01-31;2;J1CI34;179.78
451871;2020-02-04;2;L1RC34;346.79
452229;2020-02-05;2;MTRE3;20.8
452275;2020-02-05;2;N1XP34;286.81
452815;2020-02-04;12;RBFF12;3.99
453044;2020-02-05;2;S1TX34;235.28
453257;2020-01-24;12;SNCR11;105.0
453339;2020-01-31;2;T1EC34;69.8
453341;2020-01-31;2;T1MU34;170.88
453342;2020-01-31;2;T1SO34;301.92
453632;2020-01-30;2;U1AL34;160.5
453745;2020-01-28;12;VCJR11;105.3
454046;2020-01-30;12;XPIN12;19.0
454097;2020-02-07;2;A1AP34;143.12
454101;2020-02-18;2;A1BM34;182.2
454102;2020-02-18;2;A1DI34;257.52
454103;2020-02-10;2;A1EP34;220.81
454106;2020-02-07;2;A1KA34;208.58
454110;2020-02-14;2;A1LB34;390.5
454123;2020-02-18;2;A1NT34;262.33
454124;2020-02-18;2;A1PD34;279.0
454125;2020-02-18;2;A1UT34;229.13
454399;2020-02-18;2;B1BT34;236.21
454400;2020-02-07;2;B1MR34;187.87
455001;2020-02-11;2;C1BO34;269.69
455004;2020-02-11;2;C1ER34;171.55
455005;2020-02-07;2;C1HR34;163.27
455009;2020-02-10;2;C1NP34;116.55
455010;2020-02-13;2;C1TL34;62.01
455011;2020-02-13;2;C1TX34;267.3
455580;2020-02-10;2;D1TE34;144.59
455679;2020-02-07;2;E1CL34;222.29
455683;2020-02-18;2;E1OG34;162.1
455684;2020-02-10;2;E1SE34;197.43
455690;2020-02-10;2;E1VR34;154.15
455696;2020-02-13;2;E1XC34;215.37
455963;2020-02-11;2;F1EC34;224.0
455965;2020-02-18;2;F1LS34;209.71
455973;2020-02-06;2;F1TV34;165.0
456134;2020-02-11;2;G1WW34;262.68
456336;2020-02-18;2;H1CA34;323.18
456573;2020-02-11;2;I1CE34;206.4
456574;2020-02-07;2;I1NF34;173.83
456580;2020-02-13;2;I1PG34;301.99
456824;2020-02-18;2;K1LA34;184.65
456931;2020-02-11;2;L1BT34;88.5
456932;2020-02-07;2;L1IN34;230.48
456936;2020-02-18;2;L1NC34;264.6
457088;2020-02-06;2;LWSA3;20.6
457097;2020-02-12;2;M1CB34;266.9
457098;2020-02-13;2;M1GM34;141.78
457099;2020-02-07;2;M1KC34;176.5
457166;2020-02-13;2;MDNE3;18.5
457382;2020-02-12;2;N1BL34;87.73
457383;2020-02-07;2;N1OV34;102.89
457384;2020-02-12;2;N1TA34;262.92
457548;2020-02-10;2;P1AY34;191.83
457549;2020-02-13;2;P1DT34;209.0
457550;2020-02-07;2;P1IO34;148.81
457554;2020-02-10;2;P1LD34;204.72
457555;2020-02-18;2;P1SX34;191.53
457771;2020-02-17;2;PRNR3;13.4
457843;2020-02-10;2;R1SG34;211.49
458187;2020-02-10;12;RVBI11;99.79
458193;2020-02-11;2;S1PO34;158.96
458474;2020-02-13;2;T1RI34;127.57
458475;2020-02-10;2;T1SC34;213.37
459028;2020-02-10;2;W1MC34;270.29
459117;2020-02-10;2;X1EL34;149.3
459193;2020-02-17;12;XPSF11;103.27
459226;2020-03-03;2;A1EN34;249.44
459232;2020-02-28;2;A1ES34;74.17
459234;2020-02-26;2;A1FL34;208.1
459238;2020-03-03;2;A1GI34;186.22
459239;2020-02-20;2;A1GN34;289.8
459245;2020-03-03;2;A1LK34;214.8
459246;2020-02-26;2;A1LL34;111.71
459259;2020-03-03;2;A1MP34;166.63
459266;2020-02-26;2;A1OS34;177.47
459273;2020-03-03;2;A1PH34;215.85
459274;2020-03-03;2;A1SU34;143.93
459275;2020-03-03;2;A1TT34;252.18
459278;2020-03-03;2;A1VY34;269.1
459572;2020-02-20;2;B1DX34;225.6
459573;2020-02-28;2;B1KR34;71.91
459584;2020-03-03;2;B1WA34;142.51
460036;2020-02-27;12;BREV11;110.0
460171;2020-03-02;2;C1AG34;125.7
460173;2020-03-02;2;C1AH34;240.45
460175;2020-02-20;2;C1BS34;131.2
460180;2020-02-28;2;C1CI34;162.79
460188;2020-02-28;2;C1FG34;142.87
460191;2020-02-28;2;C1FI34;160.91
460197;2020-03-03;2;C1MA34;120.62
460198;2020-02-27;2;C1MG34;175.6
460199;2020-02-21;2;C1NC34;287.1
460206;2020-02-21;2;C1OG34;64.08
460210;2020-02-20;2;C1PR34;206.72
460216;2020-02-19;2;C1XO34;172.99
460750;2020-02-28;2;D1EL34;182.71
460753;2020-02-28;2;D1FS34;143.67
460755;2020-02-28;2;D1HI34;239.84
460758;2020-02-28;2;D1IS34;144.25
460761;2020-03-03;2;D1LR34;147.2
460774;2020-02-27;2;D1VN34;72.59
460778;2020-02-28;2;D1XC34;107.0
460792;2020-02-27;2;DCVY35;105.49
460897;2020-02-27;2;E1IX34;161.02
460900;2020-02-28;2;E1MN34;134.76
460907;2020-02-28;2;E1QR34;166.49
460916;2020-03-03;2;E1TF34;207.5
460917;2020-02-27;2;E1TN34;214.01
460934;2020-02-19;2;E1XR34;121.42
461175;2020-02-19;2;F1AN34;171.63
461178;2020-03-03;2;F1BH34;287.92
461187;2020-02-27;2;F1LI34;212.86
461196;2020-02-28;2;F1RA34;97.59
461364;2020-02-28;2;G1LW34;106.6
461367;2020-02-28;2;G1MI34;211.59
461369;2020-02-19;2;G1RM34;226.49
461568;2020-02-28;2;H1BA34;54.11
461571;2020-02-27;2;H1BI34;55.2
461578;2020-02-28;2;H1ES34;123.49
461581;2020-02-28;2;H1FC34;143.45
461582;2020-03-03;2;H1IG34;240.33
461583;2020-02-27;2;H1LT34;218.25
461586;2020-02-28;2;H1OL34;208.7
461587;2020-02-28;2;H1PE34;55.55
461590;2020-03-02;2;H1RL34;192.29
461591;2020-02-28;2;H1ST34;65.49
461663;2020-02-20;12;HCTR12;1.6
461776;2020-02-21;12;HOSI11;99.56
461835;2020-02-20;2;I1FF34;294.0
461840;2020-03-02;2;I1PC34;169.03
461842;2020-03-03;2;I1RM34;143.02
461843;2020-02-21;2;I1SR34;268.19
461844;2020-03-03;2;I1TW34;196.3
461967;2020-02-27;2;J1WN34;155.77
462078;2020-02-28;2;K1EY34;71.86
462081;2020-03-03;2;K1IM34;80.63
462082;2020-03-02;2;K1RC34;132.38
462083;2020-03-03;2;K1SG34;218.17
462189;2020-03-02;2;L1EN34;277.73
462195;2020-02-21;2;L1KQ34;147.2
462349;2020-03-02;2;M1AS34;192.88
462351;2020-03-02;2;M1CH34;210.45
462358;2020-02-21;2;M1MC34;255.0
462360;2020-02-28;2;M1NS34;283.25
462361;2020-02-26;2;M1PC34;232.89
462368;2020-03-03;2;M1SC34;354.0
462369;2020-02-21;2;M1SI34;203.8
462371;2020-03-03;2;M1TB34;165.02
462372;2020-02-27;2;M1TT34;135.26
462648;2020-02-27;2;N1CL34;158.67
462652;2020-03-02;2;N1DA34;242.55
462654;2020-02-21;2;N1EM34;215.48
462659;2020-02-28;2;N1IS34;123.11
462662;2020-02-28;2;N1LS34;82.67
462666;2020-02-27;2;N1RG34;154.09
462669;2020-03-03;2;N1SC34;206.3
462672;2020-03-03;2;N1TR34;196.64
462673;2020-03-03;2;N1UE34;193.49
462674;2020-02-28;2;N1WL34;67.44
462677;2020-02-28;2;N1WS34;53.11
462845;2020-03-03;2;P1AC34;156.88
462848;2020-03-03;2;P1BC34;66.86
462851;2020-02-28;2;P1EA34;138.59
462853;2020-03-03;2;P1EG34;245.19
462854;2020-03-03;2;P1FG34;210.48
462855;2020-02-21;2;P1GR34;177.8
462857;2020-03-03;2;P1HC34;219.18
462858;2020-03-02;2;P1HM34;184.95
462864;2020-03-02;2;P1PL34;141.88
462865;2020-02-27;2;P1RG34;227.69
463067;2020-02-20;12;PORD12;2.2
463167;2020-02-27;2;Q1UA34;173.29
463192;2020-02-27;2;R1CL34;171.18
463196;2020-03-03;2;R1EG34;136.03
463197;2020-02-28;2;R1FC34;60.75
463200;2020-03-03;2;R1JF34;193.95
463201;2020-02-28;2;R1LC34;227.6
463488;2020-02-28;12;RFOF11;100.0
463577;2020-02-21;2;S1BA34;264.88
463578;2020-03-03;2;S1IV34;227.54
463579;2020-03-03;2;S1NP34;158.93
463580;2020-02-27;2;S1OU34;215.73
463584;2020-03-03;2;S1SL34;234.66
463585;2020-02-27;2;S1TT34;315.48
463591;2020-03-03;2;S1WK34;160.19
463596;2020-02-21;2;S1YK34;245.4
463597;2020-03-02;2;S1YM34;88.33
463599;2020-02-18;2;S1YY34;168.08
463939;2020-02-21;2;T1FX34;161.6
463947;2020-02-28;2;T1OW34;253.64
463950;2020-03-03;2;T1RO34;280.33
463959;2020-03-03;2;T1XT34;187.93
464268;2020-03-03;2;U1AI34;56.1
464283;2020-03-02;2;U1LT34;114.58
464284;2020-02-28;2;U1NM34;104.9
464405;2020-03-03;2;V1NO34;250.38
464450;2020-02-20;12;VILG12;1.64
464593;2020-02-28;2;W1DA34;188.78
464604;2020-03-03;2;W1EL34;175.12
464605;2020-03-03;2;W1HR34;148.7
464606;2020-02-28;2;W1MB34;84.63
464615;2020-02-28;2;W1RK34;142.29
464616;2020-02-28;2;W1YC34;113.01
464617;2020-02-28;2;W1YN34;245.31
464724;2020-03-02;2;X1LN34;186.6
464822;2020-02-28;2;Z1IO34;177.56
464825;2020-02-21;2;Z1TS34;156.8
464853;2020-03-04;2;A1NS34;284.76
465158;2020-03-10;2;B1LL34;171.59
466473;2020-03-04;2;E1WL34;237.67
466915;2020-03-13;2;G1PI34;196.05
467382;2020-03-04;2;I1DX34;229.45
467383;2020-03-11;2;I1RP34;53.71
468266;2020-03-11;2;O1KE34;85.29
468771;2020-03-03;12;RBIR11;102.0
469697;2020-03-10;2;V1RS34;176.86
470016;2020-03-10;12;XPHT14;0.01
470105;2020-03-25;2;A1EE34;169.34
470123;2020-03-23;2;A1IV34;131.72
470125;2020-03-23;2;A1JG34;174.91
470127;2020-03-17;2;A1LG34;191.61
470166;2020-03-24;2;A1VB34;164.6
470167;2020-03-25;2;A1WK34;130.16
470466;2020-03-17;2;B1FC34;250.35
471057;2020-03-23;2;C1BR34;154.4
471084;2020-03-25;2;C1MS34;135.01
471093;2020-03-17;2;C1PB34;272.26
471095;2020-03-25;2;C1TA34;192.69
471656;2020-03-20;2;D1OV34;180.37
471657;2020-03-24;2;D1RE34;145.66
471658;2020-03-20;2;D1RI34;47.33
471780;2020-03-23;2;E1FX34;135.31
471786;2020-03-23;2;E1MR34;197.66
471802;2020-03-23;2;E1TR34;205.48
471803;2020-03-23;2;E1VE34;223.39
472060;2020-03-19;2;F1MC34;161.49
472070;2020-03-23;2;F1RC34;199.21
472071;2020-03-23;2;F1RI34;87.38
472073;2020-03-25;2;F1TN34;247.8
472246;2020-03-20;2;G1AR34;112.98
472247;2020-03-25;2;G1LL34;172.86
472250;2020-03-20;2;G1PC34;155.72
472451;2020-03-20;2;H1AS34;122.92
472479;2020-03-25;2;H1OG34;104.4
472484;2020-03-19;2;H1RB34;77.62
472488;2020-03-23;2;H1SI34;109.98
472494;2020-03-23;2;H1UM34;219.51
472734;2020-03-20;2;I1LM34;247.19
472741;2020-03-23;2;I1PH34;65.71
472871;2020-03-17;2;J1EF34;76.44
472874;2020-03-17;2;J1NP34;90.99
472988;2020-03-23;2;K1CS34;126.7
472989;2020-03-25;2;K1EL34;145.7
472998;2020-03-17;2;K1MX34;138.82
473115;2020-03-23;2;L1EG34;114.87
473133;2020-03-25;2;L1OE34;170.18
473138;2020-03-20;2;L1UL34;221.41
473139;2020-03-19;2;L1WH34;123.88
473296;2020-03-26;2;M1AA34;126.23
473298;2020-03-23;2;M1CK34;149.79
473307;2020-03-20;2;M1HK34;158.19
473654;2020-03-20;2;N1VR34;238.95
473686;2020-03-23;12;NEWU11;51.4
473759;2020-03-23;2;O1MC34;125.53
473870;2020-03-20;2;P1KG34;207.33
473872;2020-03-20;2;P1NW34;175.44
473881;2020-03-20;2;P1VH34;80.64
474215;2020-03-25;2;R1HI34;194.49
474216;2020-03-23;2;R1IN34;109.92
474218;2020-03-26;2;R1MD34;180.38
474219;2020-03-20;2;R1OK34;167.41
474220;2020-03-23;2;R1OP34;135.79
474611;2020-03-20;2;S1EA34;118.93
474613;2020-03-17;2;S1HW34;193.38
474615;2020-03-23;2;S1JM34;248.39
474616;2020-03-17;2;S1LG34;133.72
474965;2020-03-17;2;T1DG34;163.55
474973;2020-03-25;2;T1EL34;159.61
475327;2020-03-23;2;U1DR34;158.24
475329;2020-03-23;2;U1HS34;93.19
475337;2020-03-19;2;U1RI34;180.2
475454;2020-03-20;2;V1MC34;110.57
475458;2020-03-20;2;V1TA34;53.3
475490;2020-03-20;12;VGIP11;79.0
475651;2020-03-20;2;W1AB34;107.09
475661;2020-03-23;2;W1EC34;186.22
475789;2020-03-23;2;X1YL34;144.16
475898;2020-03-18;2;Z1BH34;104.0
475922;2020-03-30;2;A1MB34;226.0
476029;2020-04-02;12;AFCR11;98.0
476563;2020-04-03;12;BLMO11;26662.53
477528;2020-03-27;2;E1DI34;196.38
478904;2020-03-27;2;M1TD34;336.57
479354;2020-04-01;12;OULG11;88.0
483552;2020-04-20;2;H1II34;258.0
483786;2020-04-09;12;HUSI11;980.0
484138;2020-04-20;2;L1YB34;130.9
484218;2020-04-20;12;LOFT13B;103.34
485223;2020-04-20;12;RBRL11;101.0
485253;2020-04-09;12;RBTS11;1000.0
485429;2020-04-20;2;RYTT34;353.0
485752;2020-04-14;2;T1TW34;161.0
485952;2020-04-17;12;TORD11;10.0
486601;2020-05-07;2;A1ME34;244.0
486607;2020-04-28;2;A1ON34;243.6
486614;2020-05-04;2;A1RE34;206.2
487499;2020-04-27;2;C1BL34;152.8
487846;2020-04-27;12;CPTS12B;0.2
489454;2020-04-28;12;LASC11;98.0
491245;2020-05-06;12;TEPP11;85.72
491790;2020-05-04;2;W1LT34;256.0
492031;2020-05-14;2;A1NE34;305.5
492182;2020-05-15;2;ALPK3;9.55
493030;2020-05-19;2;C1OO34;173.59
493729;2020-05-19;2;E1SS34;135.79
494427;2020-05-18;12;HBRH11;100.01
494960;2020-05-14;2;L1CA34;235.2
494961;2020-05-20;2;L1HX34;255.7
495311;2020-05-13;12;MORE11;100.0
495895;2020-05-08;2;Q1RV34;298.5
496283;2020-05-20;2;S1NA34;193.8
497430;2020-05-29;2;A1TM34;276.31
498058;2020-05-25;12;BLCP11;105.0
498423;2020-06-01;2;C1DN34;246.5
500538;2020-05-20;12;MGHT11;85.0
505268;2020-06-12;2;I1NC34;232.22
506629;2020-06-04;2;R1OL34;221.88
507805;2020-06-10;12;VIFI11;101.51
510747;2020-06-24;2;J1KH34;239.81
511075;2020-06-19;2;M1XI34;320.43
511994;2020-06-24;12;RCFF11;100.0
513499;2020-07-06;2;AURA32;769.8
513542;2020-06-29;2;B1RF34;169.19
513948;2020-07-01;2;BPAC13;76.65
514197;2020-07-06;2;C1NS34;236.26
514560;2020-07-01;12;CPTS11;104.99
515162;2020-06-26;2;F1FI34;190.28
516440;2020-07-08;12;MFAI11;105.63
516800;2020-07-01;12;OUFF12;0.6
517299;2020-07-02;12;RBRM11;160000.0
518390;2020-07-02;12;VSEC11;95.35
518855;2020-07-13;2;AMBP3;29.3
519608;2020-07-17;2;C1HK34;325.19
522075;2020-07-13;2;PDTC3;7.0
523418;2020-07-10;12;VGIP12;0.4
524062;2020-07-22;12;ARCT11;1000.01
524321;2020-07-22;12;BCIA12;17.9
524692;2020-07-21;12;BRIM11;910.0
525900;2020-07-21;12;GCFF11;100.75
526677;2020-07-27;12;LFTT11;100.0
527535;2020-07-29;12;PVBI11;100.29
527560;2020-07-21;12;QMFF11;100.22
530647;2020-08-10;2;DMVF3;15.58
531923;2020-08-10;2;LJQQ3;12.79
532517;2020-08-06;2;P1SA34;203.84
532723;2020-07-31;12;PQAG11;630.0
533406;2020-07-31;2;SOMA3;11.03
533758;2020-08-06;12;TRXB11;110.0
537829;2020-08-18;2;P1KI34;327.38
537867;2020-08-14;12;PATL11;97.85
541662;2020-08-28;12;FATN11;100.55
542561;2020-09-02;2;LAVV3;9.0
542720;2020-08-27;2;M1LM34;235.49
543328;2020-09-02;2;PGMN3;10.3
543764;2020-08-26;12;RECR11;102.98
544548;2020-08-27;12;URPR11;114.7
547439;2020-09-04;12;IFIE11;100.0
547585;2020-09-10;2;JSLG11;9.49
547881;2020-09-02;12;LVBI12;0.99
548227;2020-09-11;12;NCHB11;95.0
548488;2020-09-11;2;PETZ3;16.75
551638;2020-09-21;2;CURY3;9.46
552663;2020-09-18;12;HSAF11;95.01
553837;2020-09-17;2;PLPL3;9.4
554165;2020-09-22;12;RBRS11;105.0
554511;2020-09-18;2;SIMH3;29.4
556095;2020-09-30;2;BOAS3;14.05
556324;2020-09-30;12;BTLG12;0.21
557476;2020-09-28;12;GESE11B;1520.0
557700;2020-09-25;2;HBSA3;7.42
558214;2020-09-29;2;L1MN34;58.08
558507;2020-09-28;2;MELK3;8.35
560831;2020-10-14;2;A1LN34;40.65
560975;2020-10-16;12;AIEC11;95.49
561209;2020-10-14;2;B1AM34;48.18
561854;2020-10-14;2;C1DW34;36.72
562413;2020-10-19;2;D1EX34;45.15
562420;2020-10-19;2;D1OC34;65.66
562819;2020-10-16;2;F1SL34;48.81
563059;2020-10-13;2;GMAT3;8.94
563192;2020-10-14;2;H1ZN34;44.53
563880;2020-10-07;12;LGCP12;0.94
564010;2020-10-19;2;M1DB34;75.4
564014;2020-10-14;2;M1KT34;60.02
564023;2020-10-14;2;M1RN34;43.07
564320;2020-10-14;2;N1BI34;28.5
565213;2020-10-14;12;RMAI11;497.87
565271;2020-10-13;12;RZTR11;100.05
565276;2020-10-14;2;S1GE34;58.78
565288;2020-10-14;2;S1RP34;40.9
565293;2020-10-14;2;S1TE34;52.46
565419;2020-10-07;2;SEQL3;12.2
565588;2020-10-14;2;T1CH34;49.85
565771;2020-10-13;2;TIMS3;13.25
566397;2020-10-14;2;Z1BR34;52.97
566398;2020-10-14;2;Z1OM34;113.93
566413;2020-10-22;2;A1BB34;37.54
566427;2020-10-29;2;A1CR34;60.32
566436;2020-10-27;2;A1EG34;16.3
566523;2020-10-22;2;A1MX34;36.77
566549;2020-10-20;2;A1RG34;59.68
566555;2020-10-20;2;A1SN34;58.65
566561;2020-10-20;2;A1TH34;56.44
566577;2020-10-26;2;A1YX34;39.1
566578;2020-10-20;2;A1ZN34;48.97
566954;2020-10-21;2;B1AX34;228.69
566956;2020-10-22;2;B1BL34;47.31
566961;2020-10-20;2;B1CS34;30.26
566971;2020-10-20;2;B1GN34;67.6
566977;2020-10-23;2;B1IL34;50.33
566992;2020-10-22;2;B1NT34;60.59
566996;2020-10-20;2;B1PP34;22.59
567002;2020-10-20;2;B1SA34;39.07
567012;2020-10-20;2;B1TI34;38.29
567601;2020-10-22;2;C1AB34;54.5
567631;2020-10-20;2;C1EO34;43.54
567634;2020-10-20;2;C1HI34;35.93
567643;2020-10-20;2;C1HL34;45.56
567656;2020-10-28;2;C1HT34;54.36
567676;2020-10-27;2;C1OU34;58.0
567681;2020-10-22;2;C1SU34;30.07
567686;2020-10-22;2;C1TV34;46.3
568223;2020-10-22;2;D1DG34;55.99
568251;2020-10-28;2;D1OW34;65.83
568381;2020-10-20;2;E1CO34;27.78
568384;2020-10-20;2;E1DU34;65.58
568391;2020-10-23;2;E1NI34;39.39
568394;2020-10-22;2;E1QN34;39.52
568403;2020-10-27;2;E1RI34;33.77
568819;2020-10-27;2;G1FI34;36.0
568820;2020-10-20;2;G1LP34;37.2
568834;2020-10-20;2;G1SK34;40.72
569037;2020-10-20;2;H1DB34;66.31
569039;2020-10-28;2;H1EI34;61.65
569057;2020-10-20;2;H1SB34;28.02
569303;2020-10-20;2;I1BN34;63.9
569309;2020-10-20;2;I1FO34;43.04
569347;2020-10-20;2;I1XC34;44.89
569539;2020-10-21;2;K1BF34;51.36
569558;2020-10-22;2;K1TC34;56.31
569567;2020-10-22;12;KEVE11;1024.7
569653;2020-10-21;2;L1BT35;29.8
569658;2020-10-26;2;L1DO34;47.39
569659;2020-10-20;2;L1FC34;34.04
569680;2020-10-20;2;L1YG34;7.7
569854;2020-10-26;2;M1BT34;46.57
569862;2020-10-20;2;M1LC34;41.94
569922;2020-10-27;12;MCCI12;0.95
570205;2020-10-28;2;N1GG34;57.31
570206;2020-10-23;2;N1IC34;53.32
570214;2020-10-26;2;N1OW34;58.9
570217;2020-10-20;2;N1VO34;50.1
570224;2020-10-20;2;N1VS34;48.2
570231;2020-10-20;2;N1WG34;16.65
570423;2020-10-20;2;P1DD34;50.88
570438;2020-10-23;2;P1KX34;68.63
570443;2020-10-27;2;P1NR34;280.22
570453;2020-10-21;2;P1UK34;39.54
570787;2020-10-20;2;R1DY34;64.31
570803;2020-10-23;2;R1KU34;61.79
571167;2020-10-22;2;S1KM34;32.64
571175;2020-10-22;2;S1MF34;32.01
571184;2020-10-23;2;S1PL34;60.43
571195;2020-10-21;2;S1RE34;181.44
571202;2020-10-20;2;S1SN34;60.6
571490;2020-10-22;2;T1AM34;57.65
571504;2020-10-22;2;T1EV34;26.7
571506;2020-10-28;2;T1LK34;50.6
571525;2020-10-23;2;T1WL34;68.04
571625;2020-10-26;2;TFCO4;9.25
571835;2020-10-20;2;U1NL34;57.67
571948;2020-10-21;2;V1AR34;479.92
571949;2020-10-21;2;V1IP34;53.1
571956;2020-10-27;2;V1OD34;39.92
572135;2020-10-28;2;W1BK34;36.76
572136;2020-10-20;2;W1BO34;54.29
572160;2020-10-26;2;W1MG34;41.26
572163;2020-10-20;2;W1PP34;48.45
572164;2020-10-27;2;W1RB34;35.65
572354;2020-10-20;2;Z1TO34;41.84
572813;2020-11-10;2;AURA33;48.25
573397;2020-11-06;12;BRCO12;3.0
573620;2020-11-06;2;C1RR34;52.19
573679;2020-11-05;2;CASH3;9.35
573776;2020-10-30;2;CEPE3;18.2
573853;2020-11-09;12;CJCT11;60.0
574472;2020-10-30;2;E1XP34;253.94
574630;2020-11-09;2;ENJU3;9.76
575450;2020-11-05;2;I1AC34;36.6
575843;2020-10-29;2;L1VS34;55.47
576185;2020-11-03;12;MGCR11;100.0
576424;2020-11-06;2;N1WS35;41.77
576664;2020-10-30;2;P1YC34;70.77
576965;2020-11-09;2;Q1UE34;325.29
577032;2020-10-29;2;R1YA34;59.18
577207;2020-10-29;12;RCRI11B;1000.0
577720;2020-11-05;2;T1SS34;33.67
578354;2020-11-06;2;W1IX34;50.85
578511;2020-10-29;12;XPPR12;0.35
578781;2020-11-11;2;AERI3;6.5
579686;2020-11-19;2;C1GP34;47.55
580860;2020-11-13;2;G1DS34;51.9
580888;2020-11-17;12;GCFF12;1.05
581003;2020-11-13;2;GPCP3;18.9
581008;2020-11-13;2;GPCP4;30.6
581127;2020-11-16;2;H1TH34;66.06
581381;2020-11-11;2;I1HG34;53.0
581765;2020-11-12;12;KNSC11;98.0
582032;2020-11-19;2;M1TC34;35.5
582206;2020-11-18;12;MINT11;130.0
582534;2020-11-17;2;O1KT34;60.6
582649;2020-11-16;2;P1PG34;391.35
583390;2020-11-12;2;RRRP3;20.9
583444;2020-11-16;2;S1NN34;43.51
583769;2020-11-16;2;T1AL34;41.48
585197;2020-11-30;2;BAAX39;45.85
585205;2020-11-30;2;BACW39;46.9
585206;2020-11-30;2;BAER39;50.2
585313;2020-11-30;2;BCHI39;53.75
585337;2020-11-30;2;BDVY39;50.54
585345;2020-11-30;2;BEEM39;43.69
585360;2020-11-30;2;BEFA39;47.29
585368;2020-11-30;2;BEWH39;43.12
585369;2020-11-30;2;BEWJ39;49.97
585370;2020-11-30;2;BEWT39;44.71
585371;2020-11-30;2;BEWU39;51.64
585372;2020-11-30;2;BEWY39;51.62
585373;2020-11-30;2;BEWZ39;59.6
585381;2020-11-30;2;BIAU39;45.45
585382;2020-11-30;2;BIBB39;51.55
585419;2020-11-30;2;BIEU39;49.99
585420;2020-11-30;2;BIGF39;57.74
585439;2020-11-30;2;BIWM39;48.77
585440;2020-11-30;2;BIYF39;46.0
585441;2020-11-30;2;BIYW39;49.74
585500;2020-11-26;12;BMLC11;95.0
585513;2020-11-30;2;BNDA39;49.08
585744;2020-11-30;2;BSLV39;37.54
586191;2020-11-25;12;CPTS12;0.36
586457;2020-11-25;12;DEVA11;139.52
587491;2020-11-24;2;I1EX34;53.0
587509;2020-11-20;2;I1QV34;229.5
588542;2020-11-24;2;O1TI34;36.39
588583;2020-11-26;2;OSXB3;30.35
589148;2020-11-23;12;RBRL12;1.53
589278;2020-11-27;12;RELG12;0.87
589355;2020-11-26;12;RRCI11;98.5
590375;2020-11-23;2;W1SO34;52.39
591355;2020-12-04;2;BEGD39;46.93
591357;2020-12-01;2;BEGE39;52.65
591364;2020-12-01;2;BEGU39;43.9
591376;2020-12-01;2;BEWG39;54.3
591394;2020-12-02;2;BEWP39;47.68
591407;2020-12-02;2;BEWW39;55.21
591420;2020-12-01;2;BEZU39;57.44
591479;2020-12-01;2;BIEF39;44.38
591482;2020-12-01;2;BIEM39;52.18
591510;2020-12-01;2;BIJH39;57.39
591511;2020-12-01;2;BIJR39;56.29
591521;2020-12-01;2;BILF39;48.15
591535;2020-12-01;2;BITO39;43.87
591541;2020-12-01;2;BIVB39;48.08
591552;2020-12-07;2;BIXJ39;48.0
591554;2020-12-07;2;BIXN39;49.15
591895;2020-12-01;2;BUSM39;44.08
594782;2020-12-08;2;O1DF34;53.6
595284;2020-12-07;2;R1EL34;30.88
595522;2020-12-02;2;RDSA35;45.97
596984;2020-12-18;2;A1UA34;37.95
597295;2020-12-11;2;AVLL3;29.55
599771;2020-12-16;12;HCST11;99.01
600497;2020-12-16;2;M1UF34;23.0
600694;2020-12-16;12;MORE12;3.8
600905;2020-12-17;2;NGRD3;4.43
601641;2020-12-10;2;RDOR3;62.4
602050;2020-12-11;2;SNSY3;34.0
602056;2020-12-11;2;SNSY5;7.16
605750;2020-12-22;12;HSLG11;108.5
605809;2020-12-23;2;I1QY34;44.0
606263;2020-12-30;2;LSXM35;55.95
607465;2020-12-18;12;RELG11;120.0
607575;2020-12-29;12;RZAK11;99.99
607588;2020-12-28;2;S1BS34;41.65
609245;2021-01-04;2;L1YV34;74.16
609775;2021-01-04;12;OURE11;91.0
611865;2021-01-06;12;BBFO11;99.6
612888;2021-01-07;12;GALG11;110.16
618895;2021-01-15;12;KISU11;104.95
619618;2021-01-18;12;EVBI11;110.0
622555;2021-01-21;12;QIFF11;101.18
623953;2021-01-26;2;HBRE3;18.9
624373;2021-01-26;12;FLCR11;105.0
624400;2021-01-26;12;HREC11;101.22
626329;2021-01-28;12;JFLL11;94.0
627148;2021-01-29;2;VAMO3;31.05
627205;2021-01-29;12;BRIP11;1000.0
627447;2021-02-01;2;AIRB34;49.3
627721;2021-02-01;2;ESPA3;20.98
627928;2021-02-01;2;PAGS34;57.04
630030;2021-02-03;12;BARI12;2.49
630058;2021-02-03;12;CVBI12;0.91
630067;2021-02-03;12;ERPA11;124.0
630661;2021-02-04;2;INTB3;19.74
631022;2021-02-04;12;BTAL11;102.1
631682;2021-02-05;2;MBLY3;26.4
631702;2021-02-05;2;MOSI3;39.0
632602;2021-02-08;2;JALL3;9.04
632747;2021-02-08;2;POWE3;15.65
632956;2021-02-08;12;BLMG11;102.32
634258;2021-02-10;2;BMOB3;21.4
635312;2021-02-11;2;CSED3;12.98
635763;2021-02-11;2;WEST3;11.9
636513;2021-02-12;2;OPCT3;11.15
636754;2021-02-12;12;BLMR11;97.0
637258;2021-02-17;2;ELMD3;17.5
637489;2021-02-17;2;ORVR3;22.0
638127;2021-02-18;2;C1MI34;327.8
638164;2021-02-18;2;CMIN3;9.0
644729;2021-02-26;12;HAAA11;100.0
644828;2021-02-26;12;RBRY12;1.44
644849;2021-02-26;12;SEQR11;93.85
644851;2021-02-26;12;SJAU11;29000.0
644946;2021-03-01;2;ASAI3;71.4
645771;2021-03-01;12;IFID11;102.41
651388;2021-03-09;2;J1BH34;474.8
651950;2021-03-09;12;VGHF11;10.05
653867;2021-03-11;12;SOLR11;1015.36
656733;2021-03-16;12;PLOG11;91.35
657740;2021-03-17;12;RECX11;101.0
662437;2021-03-24;12;AFOF11;110.0
662621;2021-03-24;12;RZTR12;0.25
663082;2021-03-25;2;J1EG34;359.6
663429;2021-03-25;12;BLMG12;0.18
663565;2021-03-25;12;RBHY11;102.5
664421;2021-03-26;12;ERCR11;90000.0
664515;2021-03-26;12;PEMA11;100.0
664640;2021-03-29;2;AESB3;16.92
665536;2021-03-29;12;TCIN11;106.88
667188;2021-03-31;2;SBFG3;26.41
667436;2021-03-31;12;MGCR12;0.11
667477;2021-03-31;12;RBLG11;108.75
668990;2021-04-05;2;K2CG34;41.83
669183;2021-04-05;2;S2UI34;43.12
669228;2021-04-05;2;T2DH34;34.77
669229;2021-04-05;2;T2TD34;37.4
669327;2021-04-05;12;AFHI11;96.25
669833;2021-04-06;2;D2KN34;59.83
670205;2021-04-06;2;S2HO34;54.7
670206;2021-04-06;2;S2NW34;33.7
670207;2021-04-06;2;S2QU34;53.3
670291;2021-04-06;2;U2ST34;28.85
670344;2021-04-06;2;Z2NG34;59.0
670656;2021-04-07;2;B2YN34;37.0
671059;2021-04-07;2;M2PW34;60.79
672184;2021-04-08;2;S2EA34;56.52
672361;2021-04-08;12;CXCO11;105.25
672535;2021-04-08;12;VSLH11;12.79
673594;2021-04-12;2;ALLD3;17.18
674395;2021-04-12;12;HGIC11;105.5
678016;2021-04-16;2;MATD3;16.8
678366;2021-04-16;12;GCRI11;104.0
678454;2021-04-16;12;QAMI11;100.41
678686;2021-04-19;2;BLAU3;41.1
679450;2021-04-19;12;KNSC12;1.97
680552;2021-04-20;12;TCIN12;80.01
682859;2021-04-26;2;CPLE11;32.1
682984;2021-04-26;2;GGPS3;12.8
683447;2021-04-26;12;FEXC12;0.58
683524;2021-04-26;12;NAVT11;100.5
685904;2021-04-29;2;CXSE3;10.05
686301;2021-04-29;2;SOJA3;14.5
686847;2021-04-30;2;C2ZR34;52.91
687155;2021-04-30;2;MODL3;12.58
687156;2021-04-30;2;MODL4;6.6
687157;2021-04-30;2;MODL11;18.55
687771;2021-05-03;2;BEWL39;51.07
687778;2021-05-03;2;BFXI39;49.99
687780;2021-05-03;2;BGWH39;54.99
687792;2021-05-03;2;BIHI39;54.75
687800;2021-05-03;2;BIVE39;53.37
687801;2021-05-03;2;BIVW39;47.33
687802;2021-05-03;2;BIWF39;56.3
687818;2021-05-03;2;BMTU39;46.5
687855;2021-05-03;2;BUSR39;51.61
687856;2021-05-03;2;BXTC39;55.48
688823;2021-05-04;2;BEWA39;47.65
688824;2021-05-04;2;BEWC39;48.9
688829;2021-05-04;2;BEWQ39;50.5
688838;2021-05-04;2;BGRT39;49.79
688850;2021-05-04;2;BIEV39;57.3
688868;2021-05-04;2;BIYG39;49.26
688893;2021-05-04;2;BQUA39;46.25
688913;2021-05-04;2;BSIZ39;45.55
688917;2021-05-04;2;BSUS39;48.99
688922;2021-05-04;2;BVLU39;57.15
689172;2021-05-04;2;IFCM3;15.77
689884;2021-05-05;2;BCWV39;54.71
689891;2021-05-05;2;BEFV39;47.73
689907;2021-05-05;2;BFAV39;50.82
690439;2021-05-05;2;RECV3;15.61
690954;2021-05-06;2;BHEF39;44.72
691964;2021-05-07;2;BEFG39;56.11
692850;2021-05-07;12;SNFF11;108.5
693797;2021-05-10;12;JBFO11;99.46
696071;2021-05-13;2;BEMV39;55.46
696839;2021-05-13;12;KISU12;7.5
698332;2021-05-17;2;G2DI33;6.85
698495;2021-05-17;2;NINJ3;19.25
704801;2021-05-25;12;QIFF12;1.58
705674;2021-05-26;12;ERCR13;108700.0
708152;2021-05-31;2;DOTZ3;13.2
708590;2021-05-31;12;BLMC11;102.0
709645;2021-06-01;12;AFOF12;30.0
711983;2021-06-04;12;VXXV11;721.55
