Data,Valor
01/01/2016,
02/01/2016,
03/01/2016,
04/01/2016,1398.21
05/01/2016,1392.15
06/01/2016,1397.18
07/01/2016,1386.64
08/01/2016,1381.83
09/01/2016,
10/01/2016,
11/01/2016,1373.44
12/01/2016,1378.06
13/01/2016,1372.94
14/01/2016,1353.16
15/01/2016,1349.14
16/01/2016,
17/01/2016,
18/01/2016,1353.12
19/01/2016,1344.25
20/01/2016,1331.81
21/01/2016,1333.76
22/01/2016,1327.6
23/01/2016,
24/01/2016,
25/01/2016,
26/01/2016,1316.6
27/01/2016,1308.99
28/01/2016,1305.98
29/01/2016,1322.95
30/01/2016,
31/01/2016,
01/02/2016,1327.12
02/02/2016,1326.03
03/02/2016,1341.57
04/02/2016,1339.95
05/02/2016,1338.05
06/02/2016,
07/02/2016,
08/02/2016,
09/02/2016,
10/02/2016,1341.18
11/02/2016,1339.87
12/02/2016,1336.44
13/02/2016,
14/02/2016,
15/02/2016,1330.33
16/02/2016,1339.68
17/02/2016,1336.74
18/02/2016,1334.81
19/02/2016,1338.68
20/02/2016,
21/02/2016,
22/02/2016,1338.72
23/02/2016,1335.42
24/02/2016,1346.21
25/02/2016,1352.25
26/02/2016,1359.87
27/02/2016,
28/02/2016,
29/02/2016,1361.05
01/03/2016,1360.01
02/03/2016,1369.5
03/03/2016,1376.88
04/03/2016,1393.33
05/03/2016,
06/03/2016,
07/03/2016,1393.9
08/03/2016,1394.64
09/03/2016,1402.64
10/03/2016,1407.13
11/03/2016,1413.5
12/03/2016,
13/03/2016,
14/03/2016,1423.51
15/03/2016,1417.68
16/03/2016,1415.62
17/03/2016,1431.68
18/03/2016,1444.1
19/03/2016,
20/03/2016,
21/03/2016,1439.14
22/03/2016,1453.73
23/03/2016,1458.85
24/03/2016,1455.17
25/03/2016,
26/03/2016,
27/03/2016,
28/03/2016,1469.48
29/03/2016,1479.89
30/03/2016,1478.63
31/03/2016,1485.75
01/04/2016,1487.44
02/04/2016,
03/04/2016,
04/04/2016,1481.32
05/04/2016,1478.41
06/04/2016,1481.24
07/04/2016,1475.73
08/04/2016,1483.00
09/04/2016,
10/04/2016,
11/04/2016,1481.12
12/04/2016,1488.87
13/04/2016,1497.05
14/04/2016,1499.63
15/04/2016,1512.77
16/04/2016,
17/04/2016,
18/04/2016,1515.81
19/04/2016,1515.29
20/04/2016,1520.81
21/04/2016,
22/04/2016,1522.98
23/04/2016,
24/04/2016,
25/04/2016,1526.99
26/04/2016,1537.06
27/04/2016,1543.62
28/04/2016,1549.89
29/04/2016,1554.17
30/04/2016,
01/05/2016,
02/05/2016,1558.19
03/05/2016,1553.19
04/05/2016,1547.05
05/05/2016,1552.09
06/05/2016,1558.94
07/05/2016,
08/05/2016,
09/05/2016,1551.73
10/05/2016,1564.04
11/05/2016,1569.83
12/05/2016,1582.77
13/05/2016,1592.36
14/05/2016,
15/05/2016,
16/05/2016,1603.52
17/05/2016,1607.49
18/05/2016,1606.62
19/05/2016,1598.19
20/05/2016,1602.12
21/05/2016,
22/05/2016,
23/05/2016,1596.12
24/05/2016,1600.1
25/05/2016,1601.04
26/05/2016,
27/05/2016,1602.6
28/05/2016,
29/05/2016,
30/05/2016,1609.51
31/05/2016,1612.36
01/06/2016,1617.43
02/06/2016,1619.28
03/06/2016,1619.8
04/06/2016,
05/06/2016,
06/06/2016,1629.48
07/06/2016,1620.82
08/06/2016,1634.71
09/06/2016,1636.76
10/06/2016,1642.74
11/06/2016,
12/06/2016,
13/06/2016,1639.21
14/06/2016,1632.86
15/06/2016,1635.46
16/06/2016,1633.88
17/06/2016,1632.74
18/06/2016,
19/06/2016,
20/06/2016,1634.11
21/06/2016,1633.04
22/06/2016,1632.53
23/06/2016,1631.13
24/06/2016,1629.94
25/06/2016,
26/06/2016,
27/06/2016,1629.34
28/06/2016,1632.76
29/06/2016,1635.59
30/06/2016,1638.16
01/07/2016,1647.44
02/07/2016,
03/07/2016,
04/07/2016,1645.98
05/07/2016,1646.37
06/07/2016,1643.74
07/07/2016,1645.64
08/07/2016,1651.73
09/07/2016,
10/07/2016,
11/07/2016,1654.87
12/07/2016,1654.56
13/07/2016,1655.48
14/07/2016,1661.65
15/07/2016,1673.48
16/07/2016,
17/07/2016,
18/07/2016,1685.31
19/07/2016,1700.43
20/07/2016,1709.85
21/07/2016,1715.02
22/07/2016,1725.02
23/07/2016,
24/07/2016,
25/07/2016,1731.15
26/07/2016,1728.2
27/07/2016,1735.36
28/07/2016,1736.15
29/07/2016,1735.99
30/07/2016,
31/07/2016,
01/08/2016,1735.00
02/08/2016,1741.99
03/08/2016,1742.48
04/08/2016,1750.18
05/08/2016,1750.71
06/08/2016,
07/08/2016,
08/08/2016,1753.15
09/08/2016,1751.01
10/08/2016,1751.37
11/08/2016,1748.68
12/08/2016,1752.69
13/08/2016,
14/08/2016,
15/08/2016,1755.33
16/08/2016,1753.94
17/08/2016,1740.33
18/08/2016,1740.29
19/08/2016,1748.33
20/08/2016,
21/08/2016,
22/08/2016,1746.97
23/08/2016,1745.93
24/08/2016,1748.72
25/08/2016,1751.86
26/08/2016,1758.55
27/08/2016,
28/08/2016,
29/08/2016,1762.64
30/08/2016,1762.77
31/08/2016,1767.11
01/09/2016,1760.51
02/09/2016,1773.8
03/09/2016,
04/09/2016,
05/09/2016,1774.00
06/09/2016,1771.57
07/09/2016,
08/09/2016,1777.19
09/09/2016,1774.03
10/09/2016,
11/09/2016,
12/09/2016,1770.65
13/09/2016,1766.51
14/09/2016,1772.72
15/09/2016,1770.88
16/09/2016,1768.79
17/09/2016,
18/09/2016,
19/09/2016,1775.37
20/09/2016,1775.86
21/09/2016,1775.65
22/09/2016,1781.4
23/09/2016,1790.83
24/09/2016,
25/09/2016,
26/09/2016,1793.66
27/09/2016,1801.21
28/09/2016,1803.33
29/09/2016,1810.00
30/09/2016,1816.05
01/10/2016,
02/10/2016,
03/10/2016,1816.56
04/10/2016,1810.73
05/10/2016,1815.73
06/10/2016,1814.91
07/10/2016,1815.64
08/10/2016,
09/10/2016,
10/10/2016,1820.16
11/10/2016,1818.72
12/10/2016,
13/10/2016,1818.46
14/10/2016,1826.18
15/10/2016,
16/10/2016,
17/10/2016,1831.34
18/10/2016,1838.58
19/10/2016,1842.78
20/10/2016,1845.52
21/10/2016,1848.64
22/10/2016,
23/10/2016,
24/10/2016,1853.9
25/10/2016,1857.52
26/10/2016,1863.71
27/10/2016,1869.36
28/10/2016,1879.00
29/10/2016,
30/10/2016,
31/10/2016,1885.92
01/11/2016,1889.32
02/11/2016,
03/11/2016,1880.63
04/11/2016,1881.61
05/11/2016,
06/11/2016,
07/11/2016,1874.97
08/11/2016,1872.31
09/11/2016,1868.59
10/11/2016,1856.1
11/11/2016,1848.18
12/11/2016,
13/11/2016,
14/11/2016,1838.86
15/11/2016,
16/11/2016,1837.18
17/11/2016,1840.7
18/11/2016,1837.89
19/11/2016,
20/11/2016,
21/11/2016,1829.27
22/11/2016,1837.07
23/11/2016,1831.54
24/11/2016,1830.68
25/11/2016,1830.15
26/11/2016,
27/11/2016,
28/11/2016,1832.67
29/11/2016,1835.09
30/11/2016,1837.13
01/12/2016,1836.3
02/12/2016,1839.25
03/12/2016,
04/12/2016,
05/12/2016,1832.16
06/12/2016,1835.81
07/12/2016,1835.49
08/12/2016,1837.00
09/12/2016,1848.07
10/12/2016,
11/12/2016,
12/12/2016,1851.65
13/12/2016,1843.1
14/12/2016,1842.65
15/12/2016,1848.56
16/12/2016,1848.94
17/12/2016,
18/12/2016,
19/12/2016,1845.44
20/12/2016,1846.97
21/12/2016,1857.69
22/12/2016,1857.47
23/12/2016,1852.41
24/12/2016,
25/12/2016,
26/12/2016,1860.56
27/12/2016,1861.22
28/12/2016,1858.27
29/12/2016,1864.61
30/12/2016,
31/12/2016,
01/01/2017,
02/01/2017,1872.42
03/01/2017,1873.89
04/01/2017,1874.03
05/01/2017,1873.42
06/01/2017,1879.72
07/01/2017,
08/01/2017,
09/01/2017,1873.8
10/01/2017,1882.4
11/01/2017,1883.26
12/01/2017,1892.05
13/01/2017,1903.65
14/01/2017,
15/01/2017,
16/01/2017,1907.97
17/01/2017,1912.01
18/01/2017,1916.5
19/01/2017,1918.64
20/01/2017,1921.65
21/01/2017,
22/01/2017,
23/01/2017,1928.72
24/01/2017,1926.87
25/01/2017,
26/01/2017,1922.77
27/01/2017,1923.8
28/01/2017,
29/01/2017,
30/01/2017,1926.51
31/01/2017,1934.69
01/02/2017,1933.75
02/02/2017,1941.82
03/02/2017,1947.33
04/02/2017,
05/02/2017,
06/02/2017,1947.44
07/02/2017,1949.04
08/02/2017,1952.58
09/02/2017,1955.52
10/02/2017,1954.36
11/02/2017,
12/02/2017,
13/02/2017,1965.01
14/02/2017,1977.45
15/02/2017,1979.1
16/02/2017,1977.25
17/02/2017,1985.09
18/02/2017,
19/02/2017,
20/02/2017,1990.88
21/02/2017,1995.02
22/02/2017,2009.31
23/02/2017,2010.49
24/02/2017,2028.86
25/02/2017,
26/02/2017,
27/02/2017,
28/02/2017,
01/03/2017,2033.84
02/03/2017,2030.45
03/03/2017,2040.73
04/03/2017,
05/03/2017,
06/03/2017,2038.02
07/03/2017,2043.28
08/03/2017,2038.28
09/03/2017,2037.05
10/03/2017,2041.19
11/03/2017,
12/03/2017,
13/03/2017,2038.03
14/03/2017,2037.53
15/03/2017,2038.08
16/03/2017,2047.4
17/03/2017,2043.97
18/03/2017,
19/03/2017,
20/03/2017,2042.57
21/03/2017,2035.8
22/03/2017,2040.02
23/03/2017,2035.46
24/03/2017,2034.21
25/03/2017,
26/03/2017,
27/03/2017,2025.15
28/03/2017,2023.39
29/03/2017,2016.84
30/03/2017,2026.08
31/03/2017,2032.81
01/04/2017,
02/04/2017,
03/04/2017,2014.59
04/04/2017,2017.52
05/04/2017,2016.91
06/04/2017,2021.49
07/04/2017,2024.94
08/04/2017,
09/04/2017,
10/04/2017,2024.37
11/04/2017,2026.39
12/04/2017,2028.37
13/04/2017,2029.78
14/04/2017,
15/04/2017,
16/04/2017,
17/04/2017,2027.98
18/04/2017,2028.76
19/04/2017,2027.34
20/04/2017,2026.05
21/04/2017,
22/04/2017,
23/04/2017,
24/04/2017,2028.62
25/04/2017,2023.52
26/04/2017,2026.37
27/04/2017,2025.21
28/04/2017,2035.85
29/04/2017,
30/04/2017,
01/05/2017,
02/05/2017,2039.86
03/05/2017,2045.82
04/05/2017,2038.61
05/05/2017,2047.16
06/05/2017,
07/05/2017,
08/05/2017,2046.73
09/05/2017,2050.42
10/05/2017,2051.21
11/05/2017,2049.02
12/05/2017,2059.6
13/05/2017,
14/05/2017,
15/05/2017,2067.62
16/05/2017,2072.81
17/05/2017,2072.24
18/05/2017,2009.93
19/05/2017,2034.79
20/05/2017,
21/05/2017,
22/05/2017,2027.8
23/05/2017,2032.6
24/05/2017,2041.6
25/05/2017,2041.56
26/05/2017,2054.00
27/05/2017,
28/05/2017,
29/05/2017,2056.98
30/05/2017,2055.8
31/05/2017,2056.75
01/06/2017,2068.53
02/06/2017,2077.36
03/06/2017,
04/06/2017,
05/06/2017,2063.15
06/06/2017,2065.49
07/06/2017,2068.09
08/06/2017,2057.07
09/06/2017,2064.68
10/06/2017,
11/06/2017,
12/06/2017,2058.74
13/06/2017,2054.45
14/06/2017,2061.95
15/06/2017,
16/06/2017,2064.15
17/06/2017,
18/06/2017,
19/06/2017,2065.1
20/06/2017,2065.38
21/06/2017,2072.65
22/06/2017,2077.22
23/06/2017,2071.71
24/06/2017,
25/06/2017,
26/06/2017,2070.14
27/06/2017,2070.34
28/06/2017,2062.67
29/06/2017,2065.19
30/06/2017,2074.14
01/07/2017,
02/07/2017,
03/07/2017,2072.76
04/07/2017,2067.28
05/07/2017,2055.24
06/07/2017,2053.21
07/07/2017,2052.86
08/07/2017,
09/07/2017,
10/07/2017,2053.93
11/07/2017,2051.86
12/07/2017,2061.23
13/07/2017,2054.41
14/07/2017,2059.26
15/07/2017,
16/07/2017,
17/07/2017,2057.46
18/07/2017,2060.91
19/07/2017,2061.59
20/07/2017,2057.94
21/07/2017,2059.73
22/07/2017,
23/07/2017,
24/07/2017,2058.4
25/07/2017,2052.48
26/07/2017,2053.69
27/07/2017,2063.51
28/07/2017,2064.99
29/07/2017,
30/07/2017,
31/07/2017,2066.19
01/08/2017,2063.63
02/08/2017,2067.29
03/08/2017,2071.43
04/08/2017,2073.94
05/08/2017,
06/08/2017,
07/08/2017,2078.55
08/08/2017,2074.5
09/08/2017,2070.99
10/08/2017,2071.41
11/08/2017,2076.92
12/08/2017,
13/08/2017,
14/08/2017,2071.65
15/08/2017,2066.69
16/08/2017,2073.49
17/08/2017,2066.12
18/08/2017,2062.45
19/08/2017,
20/08/2017,
21/08/2017,2067.34
22/08/2017,2065.87
23/08/2017,2066.55
24/08/2017,2072.5
25/08/2017,2072.99
26/08/2017,
27/08/2017,
28/08/2017,2081.69
29/08/2017,2078.42
30/08/2017,2082.33
31/08/2017,2084.00
01/09/2017,2098.29
02/09/2017,
03/09/2017,
04/09/2017,2102.29
05/09/2017,2112.58
06/09/2017,2125.09
07/09/2017,
08/09/2017,2150.54
09/09/2017,
10/09/2017,
11/09/2017,2165.47
12/09/2017,2151.79
13/09/2017,2158.04
14/09/2017,2162.56
15/09/2017,2178.03
16/09/2017,
17/09/2017,
18/09/2017,2190.97
19/09/2017,2191.35
20/09/2017,2204.8
21/09/2017,2202.8
22/09/2017,2213.91
23/09/2017,
24/09/2017,
25/09/2017,2210.33
26/09/2017,2213.37
27/09/2017,2214.78
28/09/2017,2214.03
29/09/2017,2221.05
30/09/2017,
01/10/2017,
02/10/2017,2225.07
03/10/2017,2234.8
04/10/2017,2237.73
05/10/2017,2238.93
06/10/2017,2232.71
07/10/2017,
08/10/2017,
09/10/2017,2234.44
10/10/2017,2232.75
11/10/2017,2241.08
12/10/2017,
13/10/2017,2238.32
14/10/2017,
15/10/2017,
16/10/2017,2234.92
17/10/2017,2235.06
18/10/2017,2232.49
19/10/2017,2232.08
20/10/2017,2195.46
21/10/2017,
22/10/2017,
23/10/2017,2199.44
24/10/2017,2202.84
25/10/2017,2209.94
26/10/2017,2211.99
27/10/2017,2215.68
28/10/2017,
29/10/2017,
30/10/2017,2222.85
31/10/2017,2226.25
01/11/2017,2221.11
02/11/2017,
03/11/2017,2209.9
04/11/2017,
05/11/2017,
06/11/2017,2212.18
07/11/2017,2210.06
08/11/2017,2212.98
09/11/2017,2215.08
10/11/2017,2207.94
11/11/2017,
12/11/2017,
13/11/2017,2209.15
14/11/2017,2208.72
15/11/2017,
16/11/2017,2208.78
17/11/2017,2211.48
18/11/2017,
19/11/2017,
20/11/2017,
21/11/2017,2216.66
22/11/2017,2217.91
23/11/2017,2220.66
24/11/2017,2223.07
25/11/2017,
26/11/2017,
27/11/2017,2211.33
28/11/2017,2215.35
29/11/2017,2209.02
30/11/2017,2213.08
01/12/2017,2205.56
02/12/2017,
03/12/2017,
04/12/2017,2203.3
05/12/2017,2205.38
06/12/2017,2207.24
07/12/2017,2197.86
08/12/2017,2205.64
09/12/2017,
10/12/2017,
11/12/2017,2193.47
12/12/2017,2193.57
13/12/2017,2194.37
14/12/2017,2190.23
15/12/2017,2194.89
16/12/2017,
17/12/2017,
18/12/2017,2194.18
19/12/2017,2196.71
20/12/2017,2191.38
21/12/2017,2190.37
22/12/2017,2187.08
23/12/2017,
24/12/2017,
25/12/2017,
26/12/2017,2203.37
27/12/2017,2217.01
28/12/2017,2226.46
29/12/2017,
30/12/2017,
31/12/2017,
01/01/2018,
02/01/2018,2238.05
03/01/2018,2247.45
04/01/2018,2248.29
05/01/2018,2244.81
06/01/2018,
07/01/2018,
08/01/2018,2242.59
09/01/2018,2240.93
10/01/2018,2243.41
11/01/2018,2246.55
12/01/2018,2251.56
13/01/2018,
14/01/2018,
15/01/2018,2250.38
16/01/2018,2258.71
17/01/2018,2262.37
18/01/2018,2264.62
19/01/2018,2267.67
20/01/2018,
21/01/2018,
22/01/2018,2263.35
23/01/2018,2260.00
24/01/2018,2265.38
25/01/2018,
26/01/2018,2279.14
27/01/2018,
28/01/2018,
29/01/2018,2275.42
30/01/2018,2278.14
31/01/2018,2285.23
01/02/2018,2275.99
02/02/2018,2272.8
03/02/2018,
04/02/2018,
05/02/2018,2267.36
06/02/2018,2267.62
07/02/2018,2267.09
08/02/2018,2267.28
09/02/2018,2268.57
10/02/2018,
11/02/2018,
12/02/2018,
13/02/2018,
14/02/2018,2268.43
15/02/2018,2269.92
16/02/2018,2277.59
17/02/2018,
18/02/2018,
19/02/2018,2279.83
20/02/2018,2282.65
21/02/2018,2284.85
22/02/2018,2287.55
23/02/2018,2294.88
24/02/2018,
25/02/2018,
26/02/2018,2297.99
27/02/2018,2296.52
28/02/2018,2311.41
01/03/2018,2303.74
02/03/2018,2297.1
03/03/2018,
04/03/2018,
05/03/2018,2295.4
06/03/2018,2294.79
07/03/2018,2296.47
08/03/2018,2301.44
09/03/2018,2307.55
10/03/2018,
11/03/2018,
12/03/2018,2312.85
13/03/2018,2316.95
14/03/2018,2317.86
15/03/2018,2322.04
16/03/2018,2322.11
17/03/2018,
18/03/2018,
19/03/2018,2324.41
20/03/2018,2329.47
21/03/2018,2328.01
22/03/2018,2333.53
23/03/2018,2338.57
24/03/2018,
25/03/2018,
26/03/2018,2345.65
27/03/2018,2349.61
28/03/2018,2353.52
29/03/2018,2357.54
30/03/2018,
31/03/2018,
01/04/2018,
02/04/2018,2353.96
03/04/2018,2359.13
04/04/2018,2359.67
05/04/2018,2351.57
06/04/2018,2362.18
07/04/2018,
08/04/2018,
09/04/2018,2352.34
10/04/2018,2346.64
11/04/2018,2347.54
12/04/2018,2346.08
13/04/2018,2348.67
14/04/2018,
15/04/2018,
16/04/2018,2343.29
17/04/2018,2344.62
18/04/2018,2341.00
19/04/2018,2340.63
20/04/2018,2334.12
21/04/2018,
22/04/2018,
23/04/2018,2330.99
24/04/2018,2326.74
25/04/2018,2315.88
26/04/2018,2319.61
27/04/2018,2325.79
28/04/2018,
29/04/2018,
30/04/2018,2337.25
01/05/2018,
02/05/2018,2326.43
03/05/2018,2327.3
04/05/2018,2327.39
05/05/2018,
06/05/2018,
07/05/2018,2313.08
08/05/2018,2309.05
09/05/2018,2305.52
10/05/2018,2302.68
11/05/2018,2303.06
12/05/2018,
13/05/2018,
14/05/2018,2300.95
15/05/2018,2294.26
16/05/2018,2277.69
17/05/2018,2265.2
18/05/2018,2250.83
19/05/2018,
20/05/2018,
21/05/2018,2239.4
22/05/2018,2217.75
23/05/2018,2220.02
24/05/2018,2209.39
25/05/2018,2206.63
26/05/2018,
27/05/2018,
28/05/2018,2184.69
29/05/2018,2203.59
30/05/2018,2214.11
31/05/2018,
01/06/2018,2211.67
02/06/2018,
03/06/2018,
04/06/2018,2211.56
05/06/2018,2209.89
06/06/2018,2195.05
07/06/2018,2161.65
08/06/2018,2142.99
09/06/2018,
10/06/2018,
11/06/2018,2139.1
12/06/2018,2136.04
13/06/2018,2127.6
14/06/2018,2118.5
15/06/2018,2106.21
16/06/2018,
17/06/2018,
18/06/2018,2090.17
19/06/2018,2085.24
20/06/2018,2089.3
21/06/2018,2091.36
22/06/2018,2094.5
23/06/2018,
24/06/2018,
25/06/2018,2093.83
26/06/2018,2101.82
27/06/2018,2109.27
28/06/2018,2110.91
29/06/2018,2125.22
30/06/2018,
01/07/2018,2211.67
02/07/2018,
03/07/2018,
04/07/2018,2211.56
05/07/2018,2209.89
06/07/2018,2195.05
07/07/2018,2161.65
08/07/2018,2142.99
09/07/2018,
10/07/2018,
11/07/2018,2139.1
12/07/2018,2136.04
13/07/2018,2127.6
14/07/2018,2118.5
15/07/2018,2106.21
16/07/2018,
17/07/2018,
18/07/2018,2090.17
19/07/2018,2085.24
20/07/2018,2089.3
21/07/2018,2091.36
22/07/2018,2094.5
23/07/2018,
24/07/2018,
25/07/2018,2093.83
26/07/2018,2101.82
27/07/2018,2109.27
28/07/2018,2110.91
29/07/2018,2125.22
30/07/2018,
31/07/2018,
01/08/2018,2148.86
02/08/2018,2150.58
03/08/2018,2154.22
04/08/2018,
05/08/2018,
06/08/2018,2154.62
07/08/2018,2152.16
08/08/2018,2152.59
09/08/2018,2152.58
10/08/2018,2143.81
11/08/2018,
12/08/2018,
13/08/2018,2139.4
14/08/2018,2145.1
15/08/2018,2140.86
16/08/2018,2152.39
17/08/2018,2149.2
18/08/2018,
19/08/2018,
20/08/2018,2142.42
21/08/2018,2144.55
22/08/2018,2142.26
23/08/2018,2131.27
24/08/2018,2131.18
25/08/2018,
26/08/2018,
27/08/2018,2134.77
28/08/2018,2136.4
29/08/2018,2134.69
30/08/2018,2136.19
31/08/2018,2139.4
01/09/2018,
02/09/2018,
03/09/2018,2135.48
04/09/2018,2135.25
05/09/2018,2135.83
06/09/2018,2135.76
07/09/2018,
08/09/2018,
09/09/2018,
10/09/2018,2131.94
11/09/2018,2126.87
12/09/2018,2134.4
13/09/2018,2137.97
14/09/2018,2132.52
15/09/2018,
16/09/2018,
17/09/2018,2134.08
18/09/2018,2137.17
19/09/2018,2141.61
20/09/2018,2142.51
21/09/2018,2141.8
22/09/2018,
23/09/2018,
24/09/2018,2141.55
25/09/2018,2135.01
26/09/2018,2129.03
27/09/2018,2128.83
28/09/2018,2134.81
29/09/2018,
30/09/2018,
01/10/2018,2128.39
02/10/2018,2133.45
03/10/2018,2145.82
04/10/2018,2141.89
05/10/2018,2153.11
06/10/2018,
07/10/2018,
08/10/2018,2159.51
09/10/2018,2172.49
10/10/2018,2174.2
11/10/2018,2176.07
12/10/2018,
13/10/2018,
14/10/2018,
15/10/2018,2188.26
16/10/2018,2187.12
17/10/2018,2189.14
18/10/2018,2188.43
19/10/2018,2192.19
20/10/2018,
21/10/2018,
22/10/2018,2200.88
23/10/2018,2206.57
24/10/2018,2207.34
25/10/2018,2213.86
26/10/2018,2220.24
27/10/2018,
28/10/2018,
29/10/2018,2223.38
30/10/2018,2233.99
31/10/2018,2242.45
01/11/2018,2250.63
02/11/2018,
03/11/2018,
04/11/2018,
05/11/2018,2251.56
06/11/2018,2249.32
07/11/2018,2253.28
08/11/2018,2253.85
09/11/2018,2260.28
10/11/2018,
11/11/2018,
12/11/2018,2262.11
13/11/2018,2259.91
14/11/2018,2272.16
15/11/2018,
16/11/2018,2277.63
17/11/2018,
18/11/2018,
19/11/2018,2283.02
20/11/2018,
21/11/2018,2279.64
22/11/2018,2283.03
23/11/2018,2283.67
24/11/2018,
25/11/2018,
26/11/2018,2288.07
27/11/2018,2287.26
28/11/2018,2290.54
29/11/2018,2300.05
30/11/2018,2300.48
01/12/2018,
02/12/2018,
03/12/2018,2302.1
04/12/2018,2293.69
05/12/2018,2294.96
06/12/2018,2294.61
07/12/2018,2296.03
08/12/2018,
09/12/2018,
10/12/2018,2295.93
11/12/2018,2298.56
12/12/2018,2293.65
13/12/2018,2299.15
14/12/2018,2305.39
15/12/2018,
16/12/2018,
17/12/2018,2305.49
18/12/2018,2310.14
19/12/2018,2310.03
20/12/2018,2311.48
21/12/2018,2330.08
22/12/2018,
23/12/2018,
24/12/2018,
25/12/2018,
26/12/2018,2332.14
27/12/2018,2344.94
28/12/2018,2351.59
29/12/2018,
30/12/2018,
31/12/2018,
01/01/2019,
02/01/2019,2367.76
03/01/2019,2379.19
04/01/2019,2385.1
05/01/2019,
06/01/2019,
07/01/2019,2389.3
08/01/2019,2390.14
09/01/2019,2392.57
10/01/2019,2387.98
11/01/2019,2388.43
12/01/2019,
13/01/2019,
14/01/2019,2388.03
15/01/2019,2386.35
16/01/2019,2390.77
17/01/2019,2390.51
18/01/2019,2398.21
19/01/2019,
20/01/2019,
21/01/2019,2396.42
22/01/2019,2395.49
23/01/2019,2390.37
24/01/2019,2387.99
25/01/2019,
26/01/2019,
27/01/2019,
28/01/2019,2380.57
29/01/2019,2392.97
30/01/2019,2398.05
31/01/2019,2409.69
01/02/2019,2407.87
02/02/2019,
03/02/2019,
04/02/2019,2405.57
05/02/2019,2404.14
06/02/2019,2398.71
07/02/2019,2400.83
08/02/2019,2402.61
09/02/2019,
10/02/2019,
11/02/2019,2405.91
12/02/2019,2403.81
13/02/2019,2403.97
14/02/2019,2404.01
15/02/2019,2406.91
16/02/2019,
17/02/2019,
18/02/2019,2413.49
19/02/2019,2413.19
20/02/2019,2418.27
21/02/2019,2409.82
22/02/2019,2413.9
23/02/2019,
24/02/2019,
25/02/2019,2403.94
26/02/2019,2409.46
27/02/2019,2420.88
28/02/2019,2434.56
01/03/2019,2444.36
02/03/2019,
03/03/2019,
04/03/2019,
05/03/2019,
06/03/2019,2451.69
07/03/2019,2457.1
08/03/2019,2460.08
09/03/2019,
10/03/2019,
11/03/2019,2463.5
12/03/2019,2464.68
13/03/2019,2464.92
14/03/2019,2471.01
15/03/2019,2482.77
16/03/2019,
17/03/2019,
18/03/2019,2485.35
19/03/2019,2480.17
20/03/2019,2483.05
21/03/2019,2481.89
22/03/2019,2471.35
23/03/2019,
24/03/2019,
25/03/2019,2473.97
26/03/2019,2480.79
27/03/2019,2474
28/03/2019,2476.55
29/03/2019,2482.93
30/03/2019,
31/03/2019,
01/04/2019,2481.83
02/04/2019,2482.52
03/04/2019,2486.19
04/04/2019,2485.93
05/04/2019,2484.62
06/04/2019,
07/04/2019,
08/04/2019,2480.4
09/04/2019,2481.74
10/04/2019,2481.79
11/04/2019,2486.53
12/04/2019,2483.05
13/04/2019,
14/04/2019,
15/04/2019,2487.86
16/04/2019,2483.87
17/04/2019,2486.97
18/04/2019,2492.38
19/04/2019,
20/04/2019,
21/04/2019,
22/04/2019,2491.7
23/04/2019,2493.87
24/04/2019,2492.85
25/04/2019,2491.3
26/04/2019,2498.02
27/04/2019,
28/04/2019,
29/04/2019,2498.43
30/04/2019,2508.45
01/05/2019,
02/05/2019,2503.68
03/05/2019,2505.47
04/05/2019,
05/05/2019,
06/05/2019,2496.26
07/05/2019,2496.06
08/05/2019,2496.46
09/05/2019,2493.3
10/05/2019,2491.99
11/05/2019,
12/05/2019,
13/05/2019,2484.23
14/05/2019,2488.87
15/05/2019,2491.04
16/05/2019,2496.88
17/05/2019,2497.36
18/05/2019,
19/05/2019,
20/05/2019,2497.66
21/05/2019,2503.36
22/05/2019,2509.97
23/05/2019,2510.46
24/05/2019,2517.57
25/05/2019,
26/05/2019,
27/05/2019,2519.2
28/05/2019,2522.48
29/05/2019,2528.64
30/05/2019,2543.76
31/05/2019,2552.69
01/06/2019,
02/06/2019,
03/06/2019,2557
04/06/2019,2557.3
05/06/2019,2558.86
06/06/2019,2560.6
07/06/2019,2567.99
08/06/2019,
09/06/2019,
10/06/2019,2565.06
11/06/2019,2560.29
12/06/2019,2559.73
13/06/2019,2559.06
14/06/2019,2561.24
15/06/2019,
16/06/2019,
17/06/2019,2563.84
18/06/2019,2573.35
19/06/2019,2580.49
20/06/2019,
21/06/2019,2592.55
22/06/2019,
23/06/2019,
24/06/2019,2598.1
25/06/2019,2598.14
26/06/2019,2604.72
27/06/2019,2609.38
28/06/2019,2626.1
29/06/2019,
30/06/2019,
01/07/2019,2628.59
02/07/2019,2630.89
03/07/2019,2639.02
04/07/2019,2634.87
05/07/2019,2641.22
06/07/2019,
07/07/2019,
08/07/2019,2637.88
09/07/2019,
10/07/2019,2628.66
11/07/2019,2625.4
12/07/2019,2624.18
13/07/2019,
14/07/2019,
15/07/2019,2620.09
16/07/2019,2623.53
17/07/2019,2628.5
18/07/2019,2628.92
19/07/2019,2624.71
20/07/2019,
21/07/2019,
22/07/2019,2621.86
23/07/2019,2626.85
24/07/2019,2628.58
25/07/2019,2625.78
26/07/2019,2633.75
27/07/2019,
28/07/2019,
29/07/2019,2644.17
30/07/2019,2650.15
31/07/2019,2659.55
01/08/2019,2653.18
02/08/2019,2661.5
03/08/2019,
04/08/2019,
05/08/2019,2647.27
06/08/2019,2649.55
07/08/2019,2653.35
08/08/2019,2650.85
09/08/2019,2638.89
10/08/2019,
11/08/2019,
12/08/2019,2629.19
13/08/2019,2635.88
14/08/2019,2629.32
15/08/2019,2627.05
16/08/2019,2637.13
17/08/2019,
18/08/2019,
19/08/2019,2633.37
20/08/2019,2623.98
21/08/2019,2625.5
22/08/2019,2626.34
23/08/2019,2627.45
24/08/2019,
25/08/2019,
26/08/2019,2621.43
27/08/2019,2624.23
28/08/2019,2632.17
29/08/2019,2639.44
30/08/2019,2656.69
31/08/2019,
01/09/2019,
02/09/2019,2656.72
03/09/2019,2657.43
04/09/2019,2662.14
05/09/2019,2660.31
06/09/2019,2659.71
07/09/2019,
08/09/2019,
09/09/2019,2658.09
10/09/2019,2657.64
11/09/2019,2652.17
12/09/2019,2655.65
13/09/2019,2658.16
14/09/2019,
15/09/2019,
16/09/2019,2655.74
17/09/2019,2658.98
18/09/2019,2659
19/09/2019,2664.49
20/09/2019,2667.64
21/09/2019,
22/09/2019,
23/09/2019,2666.58
24/09/2019,2667.86
25/09/2019,2672.36
26/09/2019,2669.54
27/09/2019,2677.78
28/09/2019,
29/09/2019,
30/09/2019,2684.26
01/10/2019,2677.01
02/10/2019,2676.91
03/10/2019,2676.04
04/10/2019,2682.49
05/10/2019,
06/10/2019,
07/10/2019,2681.53
08/10/2019,2682.96
09/10/2019,2684.61
10/10/2019,2689.04
11/10/2019,2696.63
12/10/2019,
13/10/2019,
14/10/2019,2697.47
15/10/2019,2706.09
16/10/2019,2715.72
17/10/2019,2717.31
18/10/2019,2726.26
19/10/2019,
20/10/2019,
21/10/2019,2741.27
22/10/2019,2747.45
23/10/2019,2755.39
24/10/2019,2758.91
25/10/2019,2766.4
26/10/2019,
27/10/2019,
28/10/2019,2769.04
29/10/2019,2769.7
30/10/2019,2778.21
31/10/2019,2791.98
01/11/2019,2795.75
02/11/2019,
03/11/2019,
04/11/2019,2804.89
05/11/2019,2802.38
06/11/2019,2813.64
07/11/2019,2826.51
08/11/2019,2833.05
09/11/2019,
10/11/2019,
11/11/2019,2828.66
12/11/2019,2827.77
13/11/2019,2824.79
14/11/2019,2829.72
15/11/2019,
16/11/2019,
17/11/2019,
18/11/2019,2838.35
19/11/2019,2852.15
20/11/2019,
21/11/2019,2859.15
22/11/2019,2872.09
23/11/2019,
24/11/2019,
25/11/2019,2872.55
26/11/2019,2876.59
27/11/2019,2877.26
28/11/2019,2884.48
29/11/2019,2890.26
30/11/2019,
01/12/2019,
02/12/2019,2891.75
03/12/2019,2907.52
04/12/2019,2916.28
05/12/2019,2919.17
06/12/2019,2931.27
07/12/2019,
08/12/2019,
09/12/2019,2934.71
10/12/2019,2945.86
11/12/2019,2958.78
12/12/2019,2971.83
13/12/2019,2981.04
14/12/2019,
15/12/2019,
16/12/2019,2989.96
17/12/2019,2996.62
18/12/2019,3011.59
19/12/2019,3026.27
20/12/2019,3051.8
21/12/2019,
22/12/2019,
23/12/2019,3085.82
24/12/2019,
25/12/2019,
26/12/2019,3134.8
27/12/2019,3169.3
28/12/2019,
29/12/2019,
30/12/2019,3197.58
31/12/2019,
01/01/2020,
02/01/2020,3225.15
03/01/2020,3253.76
04/01/2020,
05/01/2020,
06/01/2020,3249.5
07/01/2020,3239.81
08/01/2020,3183.95
09/01/2020,3167.49
10/01/2020,3174.95
11/01/2020,
12/01/2020,
13/01/2020,3179.4
14/01/2020,3182.53
15/01/2020,3175.2
16/01/2020,3162.3
17/01/2020,3151.07
18/01/2020,
19/01/2020,
20/01/2020,3139.22
21/01/2020,3126.08
22/01/2020,3120.4
23/01/2020,3121.21
24/01/2020,3119.91
25/01/2020,
26/01/2020,
27/01/2020,3092.23
28/01/2020,3100.09
29/01/2020,3087.9
30/01/2020,3076.05
31/01/2020,3077.28
01/02/2020,
02/02/2020,
03/02/2020,3056.00
04/02/2020,3058.55
05/02/2020,3048.45
06/02/2020,3042.87
07/02/2020,3028.28
08/02/2020,
09/02/2020,
10/02/2020,3004.57
11/02/2020,3020.31
12/02/2020,3034.2
13/02/2020,3039.6
14/02/2020,3048.93
15/02/2020,
16/02/2020,
17/02/2020,3046.95
18/02/2020,3025.36
19/02/2020,3012.92
20/02/2020,3013.12
21/02/2020,3017.57
22/02/2020,
23/02/2020,
24/02/2020,
25/02/2020,
26/02/2020,2972.68
27/02/2020,2972.46
28/02/2020,2963.81
29/02/2020,
01/03/2020,
02/03/2020,2985.33
03/03/2020,2999.09
04/03/2020,3002.8
05/03/2020,2993.95
06/03/2020,2966.33
07/03/2020,
08/03/2020,
09/03/2020,2861.03
10/03/2020,2901.68
11/03/2020,2848.51
12/03/2020,2661.41
13/03/2020,2701.07
14/03/2020,
15/03/2020,
16/03/2020,2575.81
17/03/2020,2520.9
18/03/2020,2187.38
19/03/2020,2207.27
20/03/2020,2276.6
21/03/2020,
22/03/2020,
23/03/2020,2169.26
24/03/2020,2230.21
25/03/2020,2360.05
26/03/2020,2443.24
27/03/2020,2468.85
28/03/2020,
29/03/2020,
30/03/2020,2477.3
31/03/2020,2494.1
01/04/2020,2464.29
02/04/2020,2445.74
03/04/2020,2417.74
04/04/2020,
05/04/2020,
06/04/2020,2438.11
07/04/2020,2483.42
08/04/2020,2503.81
09/04/2020,2520.21
10/04/2020,
11/04/2020,
12/04/2020,
13/04/2020,2527.66
14/04/2020,2549.17
15/04/2020,2544.44
16/04/2020,2550.18
17/04/2020,2559.48
18/04/2020,
19/04/2020,
20/04/2020,2555.55
21/04/2020,
22/04/2020,2573.06
23/04/2020,2592.54
24/04/2020,2528.53
25/04/2020,
26/04/2020,
27/04/2020,2556.91
28/04/2020,2572.87
29/04/2020,2593.26
30/04/2020,2603.62
01/05/2020,
02/05/2020,
03/05/2020,
04/05/2020,2582.49
05/05/2020,2587.55
06/05/2020,2586.36
07/05/2020,2579.97
08/05/2020,2582.78
09/05/2020,
10/05/2020,
11/05/2020,2588.09
12/05/2020,2581.18
13/05/2020,2558.59
14/05/2020,2548.03
15/05/2020,2563.3
16/05/2020,
17/05/2020,
18/05/2020,2563.83
19/05/2020,2567.31
20/05/2020,2569.9
21/05/2020,2575.66
22/05/2020,2588.1
23/05/2020,
24/05/2020,
25/05/2020,2604.32
26/05/2020,2615.54
27/05/2020,2627.96
28/05/2020,2640.32
29/05/2020,2657.68
30/05/2020,
31/05/2020,
01/06/2020,2676.23
02/06/2020,2704.72
03/06/2020,2730.43
04/06/2020,2744.8
05/06/2020,2772.83
06/06/2020,
07/06/2020,
08/06/2020,2793.52
09/06/2020,2792.45
10/06/2020,2799.38
11/06/2020,
12/06/2020,2782.02
13/06/2020,
14/06/2020,
15/06/2020,2777.82
16/06/2020,2783.49
17/06/2020,2789.07
18/06/2020,2794.67
19/06/2020,2804.01
20/06/2020,
21/06/2020,
22/06/2020,2792.42
23/06/2020,2793.51
24/06/2020,2786.72
25/06/2020,2793.05
26/06/2020,2790.38
27/06/2020,
28/06/2020,
29/06/2020,2787.24
30/06/2020,2806.28
01/07/2020,2816.04
02/07/2020,2813.15
03/07/2020,2813.16
04/07/2020,
05/07/2020,
06/07/2020,2802.41
07/07/2020,2798.33
08/07/2020,2779.58
09/07/2020,2766.1
10/07/2020,2766.91
11/07/2020,
12/07/2020,
13/07/2020,2751.18
14/07/2020,2742.7
15/07/2020,2746.23
16/07/2020,2743.44
17/07/2020,2741.64
18/07/2020,
19/07/2020,
20/07/2020,2724.51
21/07/2020,2732.19
22/07/2020,2735.69
23/07/2020,2732.84
24/07/2020,2730.92
25/07/2020,
26/07/2020,
27/07/2020,2722.77
28/07/2020,2722.71
29/07/2020,2723.24
30/07/2020,2733.65
31/07/2020,2733.12
01/08/2020,
02/08/2020,
03/08/2020,2714.27
04/08/2020,2714.29
05/08/2020,2720.52
06/08/2020,2712.45
07/08/2020,2732.44
08/08/2020,
09/08/2020,
10/08/2020,2745.67
11/08/2020,2745.38
12/08/2020,2740.77
13/08/2020,2747.56
14/08/2020,2755.67
15/08/2020,
16/08/2020,
17/08/2020,2748.6
18/08/2020,2755.25
19/08/2020,2758.46
20/08/2020,2760.78
21/08/2020,2770.66
22/08/2020,
23/08/2020,
24/08/2020,2780.18
25/08/2020,2777.4
26/08/2020,2776.67
27/08/2020,2777.87
28/08/2020,2781.84
29/08/2020,
30/08/2020,
31/08/2020,2782.1
01/09/2020,2774.66
02/09/2020,2782.69
03/09/2020,2779.62
04/09/2020,2789.02
05/09/2020,
06/09/2020,
07/09/2020,
08/09/2020,2786.82
09/09/2020,2788.53
10/09/2020,2793.01
11/09/2020,2791.8
12/09/2020,
13/09/2020,
14/09/2020,2792.76
15/09/2020,2802.19
16/09/2020,2802.76
17/09/2020,2800.04
18/09/2020,2797.82
19/09/2020,
20/09/2020,
21/09/2020,2787.27
22/09/2020,2788.81
23/09/2020,2790.19
24/09/2020,2789.57
25/09/2020,2788.11
26/09/2020,
27/09/2020,
28/09/2020,2782.18
29/09/2020,2784.2
30/09/2020,2794.88
01/10/2020,2789.15
02/10/2020,2794.91
03/10/2020,
04/10/2020,
05/10/2020,2788.64
06/10/2020,2795.05
07/10/2020,2799.27
08/10/2020,2804.78
09/10/2020,2807.77
10/10/2020,
11/10/2020,
12/10/2020,
13/10/2020,2808.27
14/10/2020,2809.74
15/10/2020,2812.68
16/10/2020,2816.83
17/10/2020,
18/10/2020,
19/10/2020,2818.1
20/10/2020,2823.75
21/10/2020,2828.75
22/10/2020,2826.99
23/10/2020,2820.44
24/10/2020,
25/10/2020,
26/10/2020,2809.86
27/10/2020,2803.01
28/10/2020,2772.92
29/10/2020,2774.58
30/10/2020,2766.76
31/10/2020,
01/11/2020,
02/11/2020,
03/11/2020,2766.55
04/11/2020,2772.49
05/11/2020,2785.99
06/11/2020,2795.03
07/11/2020,
08/11/2020,
09/11/2020,2802.95
10/11/2020,2807.15
11/11/2020,2806.66
12/11/2020,2801.26
13/11/2020,2803.4
14/11/2020,
15/11/2020,
16/11/2020,2802.89
17/11/2020,2802.81
18/11/2020,2800.89
19/11/2020,2794.79
20/11/2020,2796.04
21/11/2020,
22/11/2020,
23/11/2020,2796.93
24/11/2020,2796.51
25/11/2020,2799.5
26/11/2020,2800.38
27/11/2020,2811.53
28/11/2020,
29/11/2020,
30/11/2020,2808.56
01/12/2020,2803.51
02/12/2020,2797.73
03/12/2020,2800.62
04/12/2020,2794.18
05/12/2020,
06/12/2020,
07/12/2020,2783.24
08/12/2020,2780
09/12/2020,2770.66
10/12/2020,2767.58
11/12/2020,2768.67
12/12/2020,
13/12/2020,
14/12/2020,2761.41
15/12/2020,2767.43
16/12/2020,2770.64
17/12/2020,2775.78
18/12/2020,2794.43
19/12/2020,
20/12/2020,
21/12/2020,2794.56
22/12/2020,2807.15
23/12/2020,2828.44
24/12/2020,
25/12/2020,
26/12/2020,
27/12/2020,
28/12/2020,2834.64
29/12/2020,2855.04
30/12/2020,2870.15
31/12/2020,
01/01/2021,
02/01/2021,
03/01/2021,
04/01/2021,2867.47
05/01/2021,2867.53
06/01/2021,2869.74
07/01/2021,2863.51
08/01/2021,2867.4
09/01/2021,
10/01/2021,
11/01/2021,2863.8
12/01/2021,2855.47
13/01/2021,2851.86
14/01/2021,2854.99
15/01/2021,2857.94
16/01/2021,
17/01/2021,
18/01/2021,2860.21
19/01/2021,2866.3
20/01/2021,2870.21
21/01/2021,2870.6
22/01/2021,2862.97
23/01/2021,
24/01/2021,
25/01/2021,
26/01/2021,2861.74
27/01/2021,2861.18
28/01/2021,2872.16
29/01/2021,2879.45
30/01/2021,
31/01/2021,
01/02/2021,2874.91
02/02/2021,2880.7
03/02/2021,2881.84
04/02/2021,2883.22
05/02/2021,2894.79
06/02/2021,
07/02/2021,
08/02/2021,2892.19
09/02/2021,2892.1
10/02/2021,2892.16
11/02/2021,2893.98
12/02/2021,2897.24
13/02/2021,
14/02/2021,
15/02/2021,
16/02/2021,
17/02/2021,2895.4
18/02/2021,2890.77
19/02/2021,2893.97
20/02/2021,
21/02/2021,
22/02/2021,2874.92
23/02/2021,2890.43
24/02/2021,2892.00
25/02/2021,2893.8
26/02/2021,2886.53
27/02/2021,
28/02/2021,
01/03/2021,2877.22
02/03/2021,2858.81
03/03/2021,2848.75
04/03/2021,2847.69
05/03/2021,2852.68
06/03/2021,
07/03/2021,
08/03/2021,2845.42
09/03/2021,2842.75
10/03/2021,2833.63
11/03/2021,2837.05
12/03/2021,2838.26
13/03/2021,
14/03/2021,
15/03/2021,2830.93
16/03/2021,2822.95
17/03/2021,2817.2
18/03/2021,2808.71
19/03/2021,2819.14
20/03/2021,
21/03/2021,
22/03/2021,2815.54
23/03/2021,2813.96
24/03/2021,2814.61
25/03/2021,2813.8
26/03/2021,2817.7
27/03/2021,
28/03/2021,
29/03/2021,2818.9
30/03/2021,2831.81
31/03/2021,2846.77
01/04/2021,2850.01
02/04/2021,
03/04/2021,
04/04/2021,
05/04/2021,2847.64
06/04/2021,2843.98
07/04/2021,2843.3
08/04/2021,2842.59
09/04/2021,2849.29
10/04/2021,
11/04/2021,
12/04/2021,2845.01
13/04/2021,2843.37
14/04/2021,2840.54
15/04/2021,2843.51
16/04/2021,2847.43
17/04/2021,
18/04/2021,
19/04/2021,2840.8
20/04/2021,2841.92
21/04/2021,
22/04/2021,2839.26
23/04/2021,2844.63
24/04/2021,
25/04/2021,
26/04/2021,2844.48
27/04/2021,2845.36
28/04/2021,2842.39
29/04/2021,2849.01
30/04/2021,2861.15
01/05/2021,
02/05/2021,
03/05/2021,2862.43
04/05/2021,2856.22
05/05/2021,2855.05
06/05/2021,2855.28
07/05/2021,2856.63
08/05/2021,
09/05/2021,
10/05/2021,2846.28
11/05/2021,2839.4
12/05/2021,2831.09
13/05/2021,2827.6
14/05/2021,2826.1
15/05/2021,
16/05/2021,
17/05/2021,2811.1
18/05/2021,2808.13
19/05/2021,2801.32
20/05/2021,2806.47
21/05/2021,2804.05
22/05/2021,
23/05/2021,
24/05/2021,2802.82
25/05/2021,2799.18
26/05/2021,2788.35
27/05/2021,2792.67
28/05/2021,2811.62
29/05/2021,
30/05/2021,
31/05/2021,2816.46
01/06/2021,2811.56
02/06/2021,2821.95
03/06/2021,
04/06/2021,2827.76
05/06/2021,
06/06/2021,
07/06/2021,2827.51
08/06/2021,2829.65
09/06/2021,2831.97
10/06/2021,2831.3
11/06/2021,2828.76
12/06/2021,
13/06/2021,
14/06/2021,2821.96
15/06/2021,2819.37
16/06/2021,2815.53
17/06/2021,2812.84
18/06/2021,2813.31
